"青沥备开(悼谰搁)喊","亲格",2011,2011,2011,2011,2011,2011,2011,2011,2011,2011,2011,2011,2011,2011,2011,2011,2011,2011,2011,2011,2011,2011,2012,2012,2012,2012,2012,2012,2012,2012,2012,2012,2012,2012,2012,2012,2012,2012,2012,2012,2012,2012,2012,2012,2013,2013,2013,2013,2013,2013,2013,2013,2013,2013,2013,2013,2013,2013,2013,2013,2013,2013,2013,2013,2013,2013,2014,2014,2014,2014,2014,2014,2014,2014,2014,2014,2014,2014,2014,2014,2014,2014,2014,2014,2014,2014,2014,2014,2015,2015,2015,2015,2015,2015,2015,2015,2015,2015,2015,2015,2015,2015,2015,2015,2015,2015,2015,2015,2015,2015,2016,2016,2016,2016,2016,2016,2016,2016,2016,2016,2016,2016,2016,2016,2016,2016,2016,2016,2016,2016,2016,2016,2017,2017,2017,2017,2017,2017,2017,2017,2017,2017,2017,2017,2017,2017,2017,2017,2017,2017,2017,2017,2017,2017,2018,2018,2018,2018,2018,2018,2018,2018,2018,2018,2018,2018,2018,2018,2018,2018,2018,2018,2018,2018,2018,2018,2019,2019,2019,2019,2019,2019,2019,2019,2019,2019,2019,2019,2019,2019,2019,2019,2019,2019,2019,2019,2019,2019,2020,2020,2020,2020,2020,2020,2020,2020,2020,2020,2020,2020,2020,2020,2020,2020,2020,2020,2020,2020,2020,2020,2021,2021,2021,2021,2021,2021,2021,2021,2021,2021,2021,2021,2021,2021,2021,2021,2021,2021,2021,2021,2021,2021
"青沥备开(悼谰搁)喊","亲格",拌,0 - 4技,5 - 9技,10 - 14技,15 - 19技,20 - 24技,25 - 29技,30 - 34技,35 - 39技,40 - 44技,45 - 49技,50 - 54技,55 - 59技,60 - 64技,65 - 69技,70 - 74技,75 - 79技,80 - 84技,85 - 89技,90 - 94技,95 - 99技,100+,拌,0 - 4技,5 - 9技,10 - 14技,15 - 19技,20 - 24技,25 - 29技,30 - 34技,35 - 39技,40 - 44技,45 - 49技,50 - 54技,55 - 59技,60 - 64技,65 - 69技,70 - 74技,75 - 79技,80 - 84技,85 - 89技,90 - 94技,95 - 99技,100+,拌,0 - 4技,5 - 9技,10 - 14技,15 - 19技,20 - 24技,25 - 29技,30 - 34技,35 - 39技,40 - 44技,45 - 49技,50 - 54技,55 - 59技,60 - 64技,65 - 69技,70 - 74技,75 - 79技,80 - 84技,85 - 89技,90 - 94技,95 - 99技,100+,拌,0 - 4技,5 - 9技,10 - 14技,15 - 19技,20 - 24技,25 - 29技,30 - 34技,35 - 39技,40 - 44技,45 - 49技,50 - 54技,55 - 59技,60 - 64技,65 - 69技,70 - 74技,75 - 79技,80 - 84技,85 - 89技,90 - 94技,95 - 99技,100+,拌,0 - 4技,5 - 9技,10 - 14技,15 - 19技,20 - 24技,25 - 29技,30 - 34技,35 - 39技,40 - 44技,45 - 49技,50 - 54技,55 - 59技,60 - 64技,65 - 69技,70 - 74技,75 - 79技,80 - 84技,85 - 89技,90 - 94技,95 - 99技,100+,拌,0 - 4技,5 - 9技,10 - 14技,15 - 19技,20 - 24技,25 - 29技,30 - 34技,35 - 39技,40 - 44技,45 - 49技,50 - 54技,55 - 59技,60 - 64技,65 - 69技,70 - 74技,75 - 79技,80 - 84技,85 - 89技,90 - 94技,95 - 99技,100+,拌,0 - 4技,5 - 9技,10 - 14技,15 - 19技,20 - 24技,25 - 29技,30 - 34技,35 - 39技,40 - 44技,45 - 49技,50 - 54技,55 - 59技,60 - 64技,65 - 69技,70 - 74技,75 - 79技,80 - 84技,85 - 89技,90 - 94技,95 - 99技,100+,拌,0 - 4技,5 - 9技,10 - 14技,15 - 19技,20 - 24技,25 - 29技,30 - 34技,35 - 39技,40 - 44技,45 - 49技,50 - 54技,55 - 59技,60 - 64技,65 - 69技,70 - 74技,75 - 79技,80 - 84技,85 - 89技,90 - 94技,95 - 99技,100+,拌,0 - 4技,5 - 9技,10 - 14技,15 - 19技,20 - 24技,25 - 29技,30 - 34技,35 - 39技,40 - 44技,45 - 49技,50 - 54技,55 - 59技,60 - 64技,65 - 69技,70 - 74技,75 - 79技,80 - 84技,85 - 89技,90 - 94技,95 - 99技,100+,拌,0 - 4技,5 - 9技,10 - 14技,15 - 19技,20 - 24技,25 - 29技,30 - 34技,35 - 39技,40 - 44技,45 - 49技,50 - 54技,55 - 59技,60 - 64技,65 - 69技,70 - 74技,75 - 79技,80 - 84技,85 - 89技,90 - 94技,95 - 99技,100+,拌,0 - 4技,5 - 9技,10 - 14技,15 - 19技,20 - 24技,25 - 29技,30 - 34技,35 - 39技,40 - 44技,45 - 49技,50 - 54技,55 - 59技,60 - 64技,65 - 69技,70 - 74技,75 - 79技,80 - 84技,85 - 89技,90 - 94技,95 - 99技,100+
"傈惫","醚牢备荐 (疙)",50734284,2328435,2347414,3134531,3546594,3212315,3515101,4024454,4230332,4617122,4229561,4313633,3214513,2319307,1897565,1640831,1130345,618481,283425,95014,23677,11634,50948272,2321293,2347418,2955976,3491303,3319540,3307408,4062598,4106345,4639747,4196411,4405468,3386102,2428603,1899933,1774343,1196000,663632,301459,106586,25450,12657,51141463,2301320,2322614,2809185,3420530,3405202,3184327,4086122,3929292,4599684,4320277,4404070,3621186,2486668,1985888,1803037,1269763,708188,323430,120230,26657,13793,51327916,2294304,2297070,2663025,3325879,3488497,3153547,3917451,3894396,4528033,4402183,4370591,3845570,2626763,2079345,1800922,1345682,766736,357407,126692,28817,15006,51529338,2266781,2334907,2459825,3257264,3557583,3141465,3731387,3939579,4396186,4462807,4289141,4035650,2881662,2191617,1789894,1386543,838507,386703,134214,31414,16209,51696216,2204271,2361897,2349979,3131059,3541061,3217367,3517868,4016272,4212243,4584810,4182392,4242269,3139076,2237345,1781229,1457890,909130,416164,141488,34844,17562,51778544,2079115,2356083,2350767,2953658,3486427,3324540,3311945,4056704,4091743,4611009,4153396,4336808,3310243,2347021,1793132,1585974,968146,451453,153236,39294,17850,51826059,1974244,2328818,2325548,2805605,3414902,3409071,3189361,4080782,3916194,4572393,4277593,4338291,3542849,2406790,1880192,1617744,1032594,484398,165694,44213,18783,51849861,1845122,2321792,2299958,2659052,3319645,3490711,3158230,3912794,3882192,4501038,4359591,4307786,3765035,2545616,1972502,1623542,1103019,530317,185868,45891,20160,51829023,1677023,2293047,2337589,2455747,3249676,3556477,3145998,3727119,3926316,4368471,4418728,4226286,3950469,2794037,2080134,1618112,1143935,585487,203704,48756,21912,51638809,1530469,2229881,2364196,2345120,3121322,3534601,3216061,3507374,3992831,4173961,4526822,4108389,4136749,3027963,2109712,1605372,1201825,633656,217247,47297,7961
"傈惫","巢磊牢备荐 (疙)",25406934,1198629,1218866,1635253,1882958,1688523,1811906,2053846,2157764,2341732,2176857,2175707,1598548,1133757,886144,713163,433883,192497,77030,22523,4696,2652,25504060,1194460,1214863,1544170,1846162,1752677,1706803,2078373,2085311,2366703,2143613,2226268,1689298,1189791,893794,779224,467062,210864,81249,25325,5142,2908,25588336,1183212,1199677,1465338,1801265,1802320,1649886,2085473,2005223,2344220,2196548,2228829,1812276,1216918,943198,796139,503314,230472,86751,28645,5438,3194,25669296,1178326,1184754,1387285,1743200,1852508,1638106,2004817,1980982,2311387,2232995,2217165,1920820,1290056,994183,800094,540915,255600,95969,30434,6200,3500,25758186,1162807,1203174,1278769,1702043,1886202,1641611,1911972,2007424,2238667,2266945,2177823,2018507,1411839,1050474,801927,564174,288017,103656,31436,6937,3782,25827594,1129953,1215209,1219887,1632122,1877127,1682988,1806754,2045265,2143639,2317182,2139711,2120391,1540582,1072395,806680,600607,319391,113221,32695,7658,4137,25855919,1066180,1211669,1216208,1541483,1840481,1747478,1702336,2070532,2072984,2343868,2109201,2172196,1630378,1128219,820056,662122,346908,126131,34873,8592,4024,25866129,1012380,1196477,1200639,1461559,1795166,1796667,1645627,2077946,1993955,2322659,2162701,2176502,1751203,1155935,869294,680342,376285,139164,37592,9709,4327,25864816,946540,1191675,1185701,1383262,1736875,1846052,1633656,1997634,1970568,2290410,2199729,2166958,1858067,1227645,918569,688481,409083,156334,42658,10089,4830,25841029,860253,1175459,1204016,1274757,1695036,1878631,1636675,1904873,1996771,2218200,2233682,2128862,1953296,1345308,971198,693142,430519,177942,46761,10297,5351,25746684,785425,1142373,1215920,1215429,1624175,1867507,1675607,1797104,2030491,2119757,2278787,2087512,2046089,1462656,986553,696848,457975,196253,49809,9042,1372
"傈惫","咯磊牢备荐 (疙)",25327350,1129806,1128548,1499278,1663636,1523792,1703195,1970608,2072568,2275390,2052704,2137926,1615965,1185550,1011421,927668,696462,425984,206395,72491,18981,8982,25444212,1126833,1132555,1411806,1645141,1566863,1600605,1984225,2021034,2273044,2052798,2179200,1696804,1238812,1006139,995119,728938,452768,220210,81261,20308,9749,25553127,1118108,1122937,1343847,1619265,1602882,1534441,2000649,1924069,2255464,2123729,2175241,1808910,1269750,1042690,1006898,766449,477716,236679,91585,21219,10599,25658620,1115978,1112316,1275740,1582679,1635989,1515441,1912634,1913414,2216646,2169188,2153426,1924750,1336707,1085162,1000828,804767,511136,261438,96258,22617,11506,25771152,1103974,1131733,1181056,1555221,1671381,1499854,1819415,1932155,2157519,2195862,2111318,2017143,1469823,1141143,987967,822369,550490,283047,102778,24477,12427,25868622,1074318,1146688,1130092,1498937,1663934,1534379,1711114,1971007,2068604,2267628,2042681,2121878,1598494,1164950,974549,857283,589739,302943,108793,27186,13425,25922625,1012935,1144414,1134559,1412175,1645946,1577062,1609609,1986172,2018759,2267141,2044195,2164612,1679865,1218802,973076,923852,621238,325322,118363,30702,13826,25959930,961864,1132341,1124909,1344046,1619736,1612404,1543734,2002836,1922239,2249734,2114892,2161789,1791646,1250855,1010898,937402,656309,345234,128102,34504,14456,25985045,898582,1130117,1114257,1275790,1582770,1644659,1524574,1915160,1911624,2210628,2159862,2140828,1906968,1317971,1053933,935061,693936,373983,143210,35802,15330,25987994,816770,1117588,1133573,1180990,1554640,1677846,1509323,1822246,1929545,2150271,2185046,2097424,1997173,1448729,1108936,924970,713416,407545,156943,38459,16561,25892125,745044,1087508,1148276,1129691,1497147,1667094,1540454,1710270,1962340,2054204,2248035,2020877,2090660,1565307,1123159,908524,743850,437403,167438,38255,6589
"辑匡漂喊矫","醚牢备荐 (疙)",10249679,423159,413489,546521,656996,670429,859390,939264,892678,921739,822851,867807,692287,498319,396019,295395,180639,98901,47608,17491,5111,3586,10195318,417106,408881,510946,635563,683987,804957,943732,858510,926040,809739,862811,713525,513938,401794,326428,193611,104821,50315,19298,5390,3926,10143645,408757,399980,482673,613137,690382,769461,946833,816618,916860,822093,848087,745718,521338,419597,338261,208188,110709,53599,21474,5614,4266,10103233,404369,389623,456867,587646,701179,756772,904291,809375,897379,832090,830977,773183,542953,437267,344188,224660,118754,58585,22462,5942,4671,10022181,393903,389396,417806,567984,703783,743438,856461,811792,859470,842139,802504,785829,585240,452512,347368,234999,130345,62456,23212,6507,5037,9930616,376575,384739,395786,538419,690728,751973,803507,817467,811751,866421,770459,799578,627314,448956,350580,251961,141649,66067,24153,7058,5475,9857426,350277,378185,390804,503852,674674,772441,758616,820573,778634,869355,757665,795878,646571,462481,356509,278800,152642,70471,25877,7602,5519,9765623,324470,365898,380366,474755,658915,790875,730349,818421,734337,856037,766952,780002,673949,468466,372218,288607,164475,74394,27804,8490,5843,9729107,300799,361894,370557,449014,641964,814659,725858,784101,725112,835871,775779,764189,700646,489156,388790,295297,178836,80651,30848,8842,6244,9668465,270481,353264,371652,410214,630115,830296,726382,748724,728008,800174,784730,738826,714460,529494,404546,299530,188219,89875,33503,9180,6792,9509458,244538,339145,367879,388257,603077,819200,736001,703278,729566,751214,801892,705302,722662,563260,396569,299231,199138,95871,33815,7920,1643
"辑匡漂喊矫","巢磊牢备荐 (疙)",5073899,217099,213296,284211,346341,337208,425224,473659,454415,461689,413722,421065,332974,239941,190828,137206,73276,31869,13210,4590,1182,894,5041336,214127,210558,265630,333823,345267,397714,476655,433603,466424,404264,420674,343207,247439,191499,153800,80347,35037,13915,5098,1259,996,5007869,209667,205895,250355,320456,349243,379792,476335,413352,460834,409041,415171,358765,250234,199550,159511,88346,38352,14741,5806,1330,1093,4979768,207551,200111,236548,305351,355216,373676,454908,406697,451283,413756,408089,371728,260560,207207,162278,97193,42350,16541,6016,1500,1209,4930943,201960,199837,215897,294144,355317,367883,429916,407741,430700,418873,395813,378104,279098,213781,163424,103173,48243,18019,5985,1742,1293,4876789,193061,197173,204235,278216,347534,372249,402358,410076,405561,428554,383655,385147,298480,211568,163766,112076,54033,19595,6146,1900,1406,4830206,179376,193977,201424,260173,336372,383647,378649,412218,386206,432103,374447,384869,307367,218051,164771,125578,59470,21695,6469,2016,1328,4773899,166475,187506,196113,244207,323758,392439,364172,410013,365464,424481,378148,378451,320722,220092,171611,130235,65445,23864,6950,2303,1450,4744059,154742,185592,190760,230579,310553,403107,361646,393184,358785,414743,382449,371993,332818,229978,178497,133393,72707,26524,8008,2405,1596,4701723,139213,181062,191013,210272,301012,406657,362815,375086,360658,396292,387425,361157,339633,247661,185490,134926,77789,30550,8848,2373,1791,4618040,126059,173705,188872,198819,285890,398640,367125,351638,361658,371713,394245,348512,343867,263247,182384,134124,83319,33205,8844,1793,381
"辑匡漂喊矫","咯磊牢备荐 (疙)",5175780,206060,200193,262310,310655,333221,434166,465605,438263,460050,409129,446742,359313,258378,205191,158189,107363,67032,34398,12901,3929,2692,5153982,202979,198323,245316,301740,338720,407243,467077,424907,459616,405475,442137,370318,266499,210295,172628,113264,69784,36400,14200,4131,2930,5135776,199090,194085,232318,292681,341139,389669,470498,403266,456026,413052,432916,386953,271104,220047,178750,119842,72357,38858,15668,4284,3173,5123465,196818,189512,220319,282295,345963,383096,449383,402678,446096,418334,422888,401455,282393,230060,181910,127467,76404,42044,16446,4442,3462,5091238,191943,189559,201909,273840,348466,375555,426545,404051,428770,423266,406691,407725,306142,238731,183944,131826,82102,44437,17227,4765,3744,5053827,183514,187566,191551,260203,343194,379724,401149,407391,406190,437867,386804,414431,328834,237388,186814,139885,87616,46472,18007,5158,4069,5027220,170901,184208,189380,243679,338302,388794,379967,408355,392428,437252,383218,411009,339204,244430,191738,153222,93172,48776,19408,5586,4191,4991724,157995,178392,184253,230548,335157,398436,366177,408408,368873,431556,388804,401551,353227,248374,200607,158372,99030,50530,20854,6187,4393,4985048,146057,176302,179797,218435,331411,411552,364212,390917,366327,421128,393330,392196,367828,259178,210293,161904,106129,54127,22840,6437,4648,4966742,131268,172202,180639,199942,329103,423639,363567,373638,367350,403882,397305,377669,374827,281833,219056,164604,110430,59325,24655,6807,5001,4891418,118479,165440,179007,189438,317187,420560,368876,351640,367908,379501,407647,356790,378795,300013,214185,165107,115819,62666,24971,6127,1262
"何魂堡开矫","醚牢备荐 (疙)",3550963,131652,133670,190240,239260,233065,247517,270770,265805,300607,294746,341069,279227,205292,153662,122468,76220,40658,17352,5197,1408,1078,3538484,132653,132781,177306,230016,237793,228981,272275,257083,297400,286169,339007,289914,214907,156443,133545,81272,43465,18917,5895,1479,1183,3527635,133204,130721,166576,220929,241024,217618,271416,246643,292074,288735,329763,302788,218728,164940,139282,86991,46012,20729,6683,1480,1299,3519401,134814,128953,156351,210418,242996,213901,257882,246934,285554,290933,317225,313172,228152,173653,141804,93770,49767,22961,7208,1546,1407,3513777,134998,132229,143261,202242,245043,211471,241664,252294,276171,292047,301339,318364,248024,184875,140328,99313,54727,24401,7782,1715,1489,3498529,132044,135043,134893,190317,240006,215193,223739,259777,262415,295913,285203,325197,262725,191726,140369,106214,59350,26483,8384,1953,1585,3470653,123780,134952,133256,176788,231095,220696,207213,260411,252607,292445,276951,322593,272339,200278,143551,116352,63737,28416,9367,2212,1614,3441453,117093,134349,130486,165659,222024,222713,196046,258665,240962,286085,279363,313826,284221,203906,151390,121602,68558,30117,10250,2473,1665,3413841,107963,135358,128260,154980,212685,223464,191915,243795,239398,278384,280880,302219,294417,212830,159789,124321,74493,32833,11419,2648,1790,3391946,97374,134982,130808,141206,205631,225356,190729,228285,243202,267946,281674,287239,299803,231817,169886,123413,79270,36410,12152,2876,1887,3350380,87778,131833,133297,132808,194686,220863,194498,210802,249223,253168,283992,270776,304771,244107,175111,123017,84624,39167,12867,2590,402
"何魂堡开矫","巢磊牢备荐 (疙)",1762848,67561,69275,100418,129556,123139,127645,138435,134969,148270,145936,165282,136690,100024,73809,54415,29464,12090,4289,1107,246,228,1754479,68061,68759,93422,123763,126824,117800,139444,130264,148363,140591,164027,141528,104575,75014,60041,32074,13515,4575,1301,282,256,1747000,68419,67353,87515,118087,129020,112463,138462,125815,145995,141587,159548,147913,105749,79042,63116,34992,14860,5008,1498,277,281,1740417,69190,66453,81610,111850,130324,110566,131799,125796,143422,142723,153909,151107,111179,82870,64681,38399,16575,5724,1620,312,308,1735570,69420,68017,74478,107021,130825,109982,123526,128885,138811,144035,146240,153703,119522,88033,64475,41159,18875,6165,1711,367,320,1725607,67957,69254,69988,100063,127936,112087,114667,132506,132500,145250,140080,156107,126318,90841,64984,44514,21014,6959,1840,402,340,1709508,63668,69256,69005,92771,122170,115824,106044,133014,127322,145162,135234,154857,130774,94792,66418,49522,23117,7785,1970,476,327,1692421,60245,68944,67237,86751,116610,117145,100682,131363,122422,142310,136127,150567,136642,95951,69997,52333,25412,8625,2175,534,349,1675417,55362,69565,66106,80681,110827,117902,98521,123935,121268,139061,136792,145329,139889,101137,73677,53998,28193,9690,2520,575,389,1661000,49872,69301,67310,73248,106179,118338,98368,115929,123472,133816,137957,138111,142613,108971,78142,54064,30534,11070,2685,600,420,1639044,45023,67721,68411,68668,99852,115518,100304,107643,126413,127096,138437,131866,144190,114724,80220,54472,32930,12164,2862,468,62
"何魂堡开矫","咯磊牢备荐 (疙)",1788115,64091,64395,89822,109704,109926,119872,132335,130836,152337,148810,175787,142537,105268,79853,68053,46756,28568,13063,4090,1162,850,1784005,64592,64022,83884,106253,110969,111181,132831,126819,149037,145578,174980,148386,110332,81429,73504,49198,29950,14342,4594,1197,927,1780635,64785,63368,79061,102842,112004,105155,132954,120828,146079,147148,170215,154875,112979,85898,76166,51999,31152,15721,5185,1203,1018,1778984,65624,62500,74741,98568,112672,103335,126083,121138,142132,148210,163316,162065,116973,90783,77123,55371,33192,17237,5588,1234,1099,1778207,65578,64212,68783,95221,114218,101489,118138,123409,137360,148012,155099,164661,128502,96842,75853,58154,35852,18236,6071,1348,1169,1772922,64087,65789,64905,90254,112070,103106,109072,127271,129915,150663,145123,169090,136407,100885,75385,61700,38336,19524,6544,1551,1245,1761145,60112,65696,64251,84017,108925,104872,101169,127397,125285,147283,141717,167736,141565,105486,77133,66830,40620,20631,7397,1736,1287,1749032,56848,65405,63249,78908,105414,105568,95364,127302,118540,143775,143236,163259,147579,107955,81393,69269,43146,21492,8075,1939,1316,1738424,52601,65793,62154,74299,101858,105562,93394,119860,118130,139323,144088,156890,154528,111693,86112,70323,46300,23143,8899,2073,1401,1730946,47502,65681,63498,67958,99452,107018,92361,112356,119730,134130,143717,149128,157190,122846,91744,69349,48736,25340,9467,2276,1467,1711336,42755,64112,64886,64140,94834,105345,94194,103159,122810,126072,145555,138910,160581,129383,94891,68545,51694,27003,10005,2122,340
"措备堡开矫","醚牢备荐 (疙)",2507271,103704,112610,161836,189316,167696,164681,183726,202908,234322,220174,220394,165471,120395,89457,76974,51513,26341,11078,3476,825,374,2505644,103360,111483,150583,185785,172734,153239,183874,194420,232063,218113,225835,172285,127718,89825,83681,54550,28719,12212,3868,880,417,2501588,102513,108592,142330,180415,176322,146225,183825,183694,226719,224025,227212,179790,130680,94589,86649,58111,30873,13332,4326,906,460,2493264,102401,106123,133135,173961,178621,145315,173067,180170,220367,225721,222925,192756,135165,100243,86765,61803,34151,14454,4627,993,501,2487829,101327,106788,121338,168252,181783,144972,163062,179571,212572,226102,219409,200244,146287,107406,84843,64041,37722,15560,4909,1098,543,2484557,99198,107838,114049,160078,180631,149296,152640,181128,202133,229689,212076,210139,156761,113421,82739,67796,40861,17073,5237,1183,591,2475231,93774,107269,112974,148782,177257,154955,142938,181077,193535,227611,210111,214566,162923,119995,83333,73961,43499,18958,5795,1303,615,2461769,89103,105850,109363,140309,171726,159119,137036,180942,182292,221978,215395,215748,169974,122776,87824,76762,46544,20525,6423,1452,628,2438031,82807,105505,106587,130611,164143,159498,135805,170181,178142,215245,216711,211538,181981,126816,93006,77106,50027,23031,7092,1521,678,2418346,74200,104026,106632,119266,159933,161601,134656,159654,176720,207119,217091,208388,188566,137391,99674,75602,52111,25554,7739,1690,733,2385412,66357,101466,107087,111450,150657,158264,136780,148085,176972,195583,219286,200158,196207,146084,104441,73387,55039,27742,8479,1643,245
"措备堡开矫","巢磊牢备荐 (疙)",1251577,53691,59382,86060,103540,93449,85681,91645,100241,114841,110084,109165,80598,57837,41038,32751,19739,8012,2882,713,147,81,1249320,53476,58213,80184,100654,96567,80995,91662,96047,114180,108017,111678,84547,61288,41231,36065,21207,8987,3261,814,164,83,1246071,52756,56569,75472,97107,98210,78740,91477,91574,111115,110740,112204,88788,62552,43749,37487,22843,9929,3562,926,171,100,1241119,52556,55156,70459,92914,99330,78878,86968,89643,108526,111121,110393,94583,65083,46722,37662,24540,11395,3881,1004,198,107,1237291,51925,55305,64121,89497,100038,79479,82738,89670,104596,111657,108273,98549,69858,50332,37030,25595,13088,4128,1076,216,120,1234169,50699,55598,60128,84925,98590,81921,78731,90249,99689,112553,105270,103187,75132,52980,36574,27346,14462,4626,1156,218,135,1227814,47949,55314,59001,79061,95779,85024,74722,90321,95371,112059,103509,105156,78647,56029,36870,30353,15645,5296,1311,260,137,1219342,45564,54417,56893,74293,92086,86915,72791,90093,90716,108708,105987,105466,82680,57184,39200,31659,16905,5902,1444,294,145,1205286,42512,54081,55325,68964,87408,86786,72542,85378,88141,105935,106072,103604,87908,59414,41924,31905,18362,6942,1613,312,158,1193109,38072,53213,55186,62917,84518,87157,72434,80636,87826,101532,106658,101682,91318,63852,45093,31506,19315,7945,1727,346,176,1175632,34110,51870,55230,58660,79574,84910,73604,75848,87769,96193,106887,98482,94677,68172,47087,30992,20560,8779,1893,304,31
"措备堡开矫","咯磊牢备荐 (疙)",1255694,50013,53228,75776,85776,74247,79000,92081,102667,119481,110090,111229,84873,62558,48419,44223,31774,18329,8196,2763,678,293,1256324,49884,53270,70399,85131,76167,72244,92212,98373,117883,110096,114157,87738,66430,48594,47616,33343,19732,8951,3054,716,334,1255517,49757,52023,66858,83308,78112,67485,92348,92120,115604,113285,115008,91002,68128,50840,49162,35268,20944,9770,3400,735,360,1252145,49845,50967,62676,81047,79291,66437,86099,90527,111841,114600,112532,98173,70082,53521,49103,37263,22756,10573,3623,795,394,1250538,49402,51483,57217,78755,81745,65493,80324,89901,107976,114445,111136,101695,76429,57074,47813,38446,24634,11432,3833,882,423,1250388,48499,52240,53921,75153,82041,67375,73909,90879,102444,117136,106806,106952,81629,60441,46165,40450,26399,12447,4081,965,456,1247417,45825,51955,53973,69721,81478,69931,68216,90756,98164,115552,106602,109410,84276,63966,46463,43608,27854,13662,4484,1043,478,1242427,43539,51433,52470,66016,79640,72204,64245,90849,91576,113270,109408,110282,87294,65592,48624,45103,29639,14623,4979,1158,483,1232745,40295,51424,51262,61647,76735,72712,63263,84803,90001,109310,110639,107934,94073,67402,51082,45201,31665,16089,5479,1209,520,1225237,36128,50813,51446,56349,75415,74444,62222,79018,88894,105587,110433,106706,97248,73539,54581,44096,32796,17609,6012,1344,557,1209780,32247,49596,51857,52790,71083,73354,63176,72237,89203,99390,112399,101676,101530,77912,57354,42395,34479,18963,6586,1339,214
"牢玫堡开矫","醚牢备荐 (疙)",2801274,133367,131321,174525,206991,189666,198821,228618,239548,263866,255109,250786,168219,109909,87055,69834,47855,27090,12834,4397,1004,459,2843981,135572,133915,164769,202477,199199,190979,235263,235828,266693,251593,261252,182204,117178,89855,76637,50974,29237,13789,4897,1158,512,2879782,136253,133755,157957,196232,206436,187133,240631,228943,265472,257450,263951,200870,122228,95278,78991,54839,31163,14791,5601,1233,575,2902608,136426,133730,150242,189626,210736,187655,231902,229358,261657,259413,264765,217535,131612,101377,80098,58456,33564,16387,6058,1393,618,2925815,134903,136855,139884,184646,213377,188736,222012,233886,255538,260567,261515,232604,148387,107447,81709,60438,36796,17854,6434,1526,701,2943069,130380,139130,134173,177320,210927,195695,209170,240973,245705,266469,254636,247951,166285,108013,83667,63942,40199,19157,6799,1724,754,2948542,121874,138051,135041,166522,205824,203987,196438,243227,238671,267913,250231,256870,178869,114703,86334,70435,42704,20725,7439,1893,791,2954642,115371,135930,133618,158706,199457,210337,189376,244293,229271,265452,255057,259172,195927,119105,91638,72754,45891,22260,8069,2132,826,2957026,107557,134843,132842,150409,192590,215018,187684,233505,228917,261044,256818,259776,211475,127795,97219,73919,49187,24152,9051,2342,883,2942828,96320,132314,134503,139659,185905,215641,185893,220253,230810,253167,256870,255297,224713,143166,102525,74978,50873,26631,9854,2487,969,2948375,88754,128630,137016,134115,177952,213099,193549,208542,238044,243022,262497,248472,239252,159876,102577,76667,53953,28900,10569,2472,417
"牢玫堡开矫","巢磊牢备荐 (疙)",1410980,68511,67688,90598,108523,98356,102165,117371,122844,132406,130257,128923,85800,55093,41327,30121,17831,8166,3477,1181,222,120,1431593,69665,68910,85643,106084,103449,98159,120758,120789,134936,127264,133966,92667,59134,43013,33449,19489,8886,3653,1292,255,132,1448835,69971,68748,81752,102674,107632,96394,123330,118002,134639,129112,135148,102189,61461,45964,34977,21388,9716,3801,1524,264,149,1459074,69989,68703,77551,98804,110471,96676,118742,117948,133608,129484,134930,110500,66217,49231,35932,23179,10796,4235,1580,337,161,1469869,69298,70192,72078,95907,111772,97545,114055,120300,130608,130161,132755,118250,74051,52466,37130,24212,12308,4634,1584,375,188,1477671,66760,71410,69140,91834,110587,101382,107631,123778,126019,133020,128838,125974,83037,52795,38397,26061,13750,5080,1564,417,197,1479597,62386,70835,69400,86403,107773,106172,101184,125180,122133,134805,125438,130236,89227,56436,39969,29193,14977,5538,1660,460,192,1481844,59079,69810,68598,82080,104210,109881,97899,125542,117865,133916,126852,131214,97952,58430,42893,30577,16460,6061,1792,537,196,1482249,55231,69152,68212,77586,100070,113046,97170,119976,117514,132629,127339,131060,105730,62692,45761,31495,18017,6790,2007,541,231,1473943,49511,67845,69040,71985,96306,113057,96727,113298,118551,128851,127694,128343,112398,69863,48537,32331,18849,7833,2164,501,259,1476373,45744,65810,70252,69138,92148,111686,100855,107424,122456,124066,130378,124752,119674,77983,48656,33555,20295,8668,2290,459,84
"牢玫堡开矫","咯磊牢备荐 (疙)",1390294,64856,63633,83927,98468,91310,96656,111247,116704,131460,124852,121863,82419,54816,45728,39713,30024,18924,9357,3216,782,339,1412388,65907,65005,79126,96393,95750,92820,114505,115039,131757,124329,127286,89537,58044,46842,43188,31485,20351,10136,3605,903,380,1430947,66282,65007,76205,93558,98804,90739,117301,110941,130833,128338,128803,98681,60767,49314,44014,33451,21447,10990,4077,969,426,1443534,66437,65027,72691,90822,100265,90979,113160,111410,128049,129929,129835,107035,65395,52146,44166,35277,22768,12152,4478,1056,457,1455946,65605,66663,67806,88739,101605,91191,107957,113586,124930,130406,128760,114354,74336,54981,44579,36226,24488,13220,4850,1151,513,1465398,63620,67720,65033,85486,100340,94313,101539,117195,119686,133449,125798,121977,83248,55218,45270,37881,26449,14077,5235,1307,557,1468945,59488,67216,65641,80119,98051,97815,95254,118047,116538,133108,124793,126634,89642,58267,46365,41242,27727,15187,5779,1433,599,1472798,56292,66120,65020,76626,95247,100456,91477,118751,111406,131536,128205,127958,97975,60675,48745,42177,29431,16199,6277,1595,630,1474777,52326,65691,64630,72823,92520,101972,90514,113529,111403,128415,129479,128716,105745,65103,51458,42424,31170,17362,7044,1801,652,1468885,46809,64469,65463,67674,89599,102584,89166,106955,112259,124316,129176,126954,112315,73303,53988,42647,32024,18798,7690,1986,710,1472002,43010,62820,66764,64977,85804,101413,92694,101118,115588,118956,132119,123720,119578,81893,53921,43112,33658,20232,8279,2013,333
"堡林堡开矫","醚牢备荐 (疙)",1463464,72463,78350,110274,119888,97950,103093,116715,124954,133409,118440,112801,77326,61390,47795,38838,25409,14654,6603,2311,539,262,1469216,71734,77910,103494,119385,102066,95516,117306,122002,134802,119678,115124,82588,62879,48397,43021,27320,15460,7100,2591,576,267,1472910,70889,76086,97957,118116,105866,90524,117815,117030,133580,123573,116876,89325,63399,51426,43555,29172,16404,7481,2923,643,270,1475884,70060,75096,92099,115572,109635,87905,112253,115567,133944,126146,116267,96569,64949,54695,44029,30913,17714,8518,2986,667,300,1472199,68003,75697,83692,113313,112422,86264,105394,115642,129478,128571,114478,102888,69968,57380,44455,32034,19112,9234,3111,749,314,1469214,65365,75592,78816,108788,113334,88068,97913,115482,124435,131518,114620,108294,74417,58451,44765,34529,20527,9843,3277,825,355,1463770,61273,74600,78062,101745,112384,91226,90203,115319,120744,132460,115793,110142,78957,59718,45257,38487,22098,10458,3568,931,345,1459336,57971,73306,75844,96043,111295,94448,85102,115318,115246,131145,119457,111827,85148,60133,48017,38983,23763,11157,3737,1025,371,1456468,53932,72587,74518,89913,108958,98490,83055,109888,113414,131152,122103,111177,91802,61567,51083,39612,25281,12193,4324,1020,399,1450062,48770,70922,75106,82038,107097,102278,82132,103735,113951,126916,124383,109439,97629,66155,53570,39971,26441,13230,4787,1088,424,1441611,45349,68716,75021,77383,103128,103344,84397,96792,114283,121884,126905,108859,102259,69865,54408,40139,28532,14104,4994,1072,177
"堡林堡开矫","巢磊牢备荐 (疙)",725606,37452,40844,57241,62773,50772,52316,58161,62284,66526,59552,55418,37628,29279,22438,16705,9559,4483,1677,395,72,31,728406,36941,40661,53778,62348,53296,48491,58681,60753,67184,60018,56712,40239,30084,22658,18868,10487,4798,1837,469,69,34,730216,36607,39416,51039,61471,55514,46054,59004,58594,66446,61744,57858,43560,30235,24177,19216,11484,5143,2011,533,79,31,731339,36126,38836,47952,59834,57857,44750,56645,57596,66640,62865,57828,47055,31064,25677,19550,12340,5732,2271,601,89,31,729662,35084,39126,43561,58848,59137,44288,53333,57632,64355,64186,56972,50181,33436,26931,19980,12912,6511,2414,634,108,33,728137,33565,39051,41016,56428,59840,45509,49835,57412,61918,65235,57426,52701,35778,27279,20395,14133,7132,2635,692,118,39,725295,31457,38524,40675,52861,59217,47472,45956,57486,59995,65708,57749,53820,38108,27947,20541,16135,7855,2849,761,141,38,722581,29822,37851,39243,49939,58402,49328,43428,57638,57416,65036,59363,54913,41123,28020,21830,16437,8656,3122,795,178,41,720740,27667,37417,38554,46824,56759,51634,42471,55341,56288,65095,60586,54867,44279,28800,23162,16819,9439,3532,983,174,49,717348,24890,36597,38821,42637,55882,53453,42300,52569,56542,63003,61859,54001,47117,30934,24252,17182,9996,3999,1077,182,55,713015,23167,35349,38702,40155,53585,54196,43660,49123,56720,60663,62819,54164,49124,32901,24521,17495,10961,4372,1147,169,22
"堡林堡开矫","咯磊牢备荐 (疙)",737858,35011,37506,53033,57115,47178,50777,58554,62670,66883,58888,57383,39698,32111,25357,22133,15850,10171,4926,1916,467,231,740810,34793,37249,49716,57037,48770,47025,58625,61249,67618,59660,58412,42349,32795,25739,24153,16833,10662,5263,2122,507,233,742694,34282,36670,46918,56645,50352,44470,58811,58436,67134,61829,59018,45765,33164,27249,24339,17688,11261,5470,2390,564,239,744545,33934,36260,44147,55738,51778,43155,55608,57971,67304,63281,58439,49514,33885,29018,24479,18573,11982,6247,2385,578,269,742537,32919,36571,40131,54465,53285,41976,52061,58010,65123,64385,57506,52707,36532,30449,24475,19122,12601,6820,2477,641,281,741077,31800,36541,37800,52360,53494,42559,48078,58070,62517,66283,57194,55593,38639,31172,24370,20396,13395,7208,2585,707,316,738475,29816,36076,37387,48884,53167,43754,44247,57833,60749,66752,58044,56322,40849,31771,24716,22352,14243,7609,2807,790,307,736755,28149,35455,36601,46104,52893,45120,41674,57680,57830,66109,60094,56914,44025,32113,26187,22546,15107,8035,2942,847,330,735728,26265,35170,35964,43089,52199,46856,40584,54547,57126,66057,61517,56310,47523,32767,27921,22793,15842,8661,3341,846,350,732714,23880,34325,36285,39401,51215,48825,39832,51166,57409,63913,62524,55438,50512,35221,29318,22789,16445,9231,3710,906,369,728596,22182,33367,36319,37228,49543,49148,40737,47669,57563,61221,64086,54695,53135,36964,29887,22644,17571,9732,3847,903,155
"措傈堡开矫","醚牢备荐 (疙)",1515603,74384,77818,102637,115211,103245,108621,122012,130772,142060,124878,126517,90511,61197,46838,38075,26479,14614,6746,2221,553,214,1524583,74414,77850,96823,114005,106841,102604,123205,127506,142919,123937,129655,96883,64962,46849,41868,28060,15660,7247,2454,616,225,1532811,74283,77106,92264,112257,109715,99036,123890,122063,142067,129923,129220,103534,66802,49748,42739,29917,16789,7765,2806,652,235,1531809,73475,75187,87391,108805,112073,97958,118340,119356,138616,132984,128185,109463,71647,52731,43260,31666,18261,8452,3012,687,260,1518775,70857,74192,79698,105266,113564,97185,111031,117689,132671,134337,124085,114579,78093,56188,43897,32239,19856,9149,3192,726,281,1514370,68212,73864,75562,100354,113205,99591,104843,118036,126340,137925,119089,120022,85759,57891,43716,34059,21527,9957,3309,801,308,1502227,63201,72017,74377,93628,111614,102359,97950,117334,121231,137474,117357,121940,91078,60966,43704,37540,22849,10753,3672,869,314,1489936,58676,69821,72206,88331,109641,104314,93374,115666,114558,135094,122193,120790,96742,62413,46300,38456,24428,11626,3995,993,319,1474870,53424,68405,70004,83175,106272,106357,91275,109205,111289,131192,124790,119079,101712,66595,48720,38793,26164,12689,4350,1047,333,1463882,47684,66845,69920,76516,103801,108687,90912,103176,110807,126409,126433,115488,106420,72733,51961,39359,26676,13843,4773,1068,371,1452251,43471,64077,69695,72480,100236,109161,93164,96505,110877,120141,129577,110440,111220,79294,53290,39100,28193,15006,5086,1069,169
"措傈堡开矫","巢磊牢备荐 (疙)",759188,38302,40402,53450,61306,54648,55649,61025,65560,70718,63155,63168,45301,30372,22112,16712,10109,4594,1887,564,110,44,763671,38500,40152,50574,60481,56770,52801,61826,63640,71521,62288,64719,48508,32237,22317,18528,11005,4990,1998,626,140,50,767309,38217,39813,48086,59173,58273,51547,62177,61072,71193,64873,64509,51740,33189,23956,19010,11942,5458,2191,700,137,53,766497,37807,38763,45410,57158,59506,51446,59738,59542,69592,66150,64113,54575,35419,25561,19421,12852,6164,2331,729,162,58,759778,36413,38165,41441,54943,60145,51720,56578,58742,66263,67145,62117,56889,38426,27267,19865,13245,6877,2537,755,183,62,757289,35130,38014,39269,52253,59816,53029,53943,59062,62877,68570,60078,59388,42202,28049,20021,14222,7561,2750,789,193,73,750969,32577,37093,38462,48871,58513,54685,50764,59030,60090,68739,58755,60290,44883,29543,20206,15908,8310,3088,890,193,79,744338,30254,35885,37390,45988,57133,55805,48932,58253,57029,67523,60914,59682,47514,30314,21592,16362,9060,3447,978,210,73,736607,27433,35167,36155,43283,55119,56940,48257,55364,55311,65777,62068,59119,49878,32179,22852,16630,9885,3871,1027,211,81,730699,24459,34363,35986,39791,53409,58012,48685,52608,55103,63135,63265,57373,52042,35018,24410,17099,10173,4312,1151,216,89,724626,22336,32959,35910,37617,51291,58373,49772,49606,55330,59742,64614,55353,54238,38168,24975,17164,10987,4760,1202,203,26
"措傈堡开矫","咯磊牢备荐 (疙)",756415,36082,37416,49187,53905,48597,52972,60987,65212,71342,61723,63349,45210,30825,24726,21363,16370,10020,4859,1657,443,170,760912,35914,37698,46249,53524,50071,49803,61379,63866,71398,61649,64936,48375,32725,24532,23340,17055,10670,5249,1828,476,175,765502,36066,37293,44178,53084,51442,47489,61713,60991,70874,65050,64711,51794,33613,25792,23729,17975,11331,5574,2106,515,182,765312,35668,36424,41981,51647,52567,46512,58602,59814,69024,66834,64072,54888,36228,27170,23839,18814,12097,6121,2283,525,202,758997,34444,36027,38257,50323,53419,45465,54453,58947,66408,67192,61968,57690,39667,28921,24032,18994,12979,6612,2437,543,219,757081,33082,35850,36293,48101,53389,46562,50900,58974,63463,69355,59011,60634,43557,29842,23695,19837,13966,7207,2520,608,235,751258,30624,34924,35915,44757,53101,47674,47186,58304,61141,68735,58602,61650,46195,31423,23498,21632,14539,7665,2782,676,235,745598,28422,33936,34816,42343,52508,48509,44442,57413,57529,67571,61279,61108,49228,32099,24708,22094,15368,8179,3017,783,246,738263,25991,33238,33849,39892,51153,49417,43018,53841,55978,65415,62722,59960,51834,34416,25868,22163,16279,8818,3323,836,252,733183,23225,32482,33934,36725,50392,50675,42227,50568,55704,63274,63168,58115,54378,37715,27551,22260,16503,9531,3622,852,282,727625,21135,31118,33785,34863,48945,50788,43392,46899,55547,60399,64963,55087,56982,41126,28315,21936,17206,10246,3884,866,143
"匡魂堡开矫","醚牢备荐 (疙)",1135494,57084,55336,78316,91249,75681,75838,91188,94478,111736,106945,102454,70296,44428,29633,22644,14692,8172,3787,1174,276,87,1147256,57763,55884,72619,89891,79375,72407,93816,92413,110415,106686,106492,75651,48108,30532,25179,15593,8701,4025,1308,296,102,1156480,58151,55585,68095,87560,82436,70728,95324,89609,107368,110209,107264,81750,50880,33045,26381,16616,9299,4303,1486,282,109,1166377,58905,55955,63585,84475,84604,71533,92382,90282,104708,111530,107745,88465,54958,35584,27048,17737,10111,4736,1608,298,128,1173534,58920,57321,58315,81643,86314,72301,87806,93027,100805,111183,107529,93861,61304,39164,27014,18803,10995,5016,1729,345,139,1172304,57567,58354,55355,77357,84934,73770,81689,95455,95661,111174,105322,99773,67125,41855,27464,19897,11853,5361,1813,387,138,1165132,54057,58384,55591,71303,82502,74464,75053,96012,92741,108954,104718,102924,71796,45188,28279,22165,12626,5804,1971,447,153,1155623,50550,57813,55093,66447,79085,74274,70577,95631,88916,105509,107328,103164,77317,47601,30625,23257,13404,6250,2115,509,158,1148019,46517,57854,54939,61794,74942,74195,68943,90800,88648,102123,108074,103285,83340,51311,33079,23867,14389,6833,2394,534,158,1136017,41335,57171,55977,56443,70748,73821,67398,84307,90183,97625,106951,102570,88121,57226,36298,23870,15164,7548,2484,602,175,1121592,36524,55494,56685,53305,65888,71534,67456,77435,91676,92278,106777,100279,93300,62475,38693,24331,16051,8068,2673,603,67
"匡魂堡开矫","巢磊牢备荐 (疙)",583825,29624,29199,41539,50177,42080,40104,47459,47402,55091,56022,52762,36400,23180,14527,9892,5266,2118,706,221,44,12,590424,29919,29350,38540,48960,44557,38846,49057,46632,54769,55005,55210,38997,25021,15180,11292,5664,2384,757,224,46,14,595319,29948,29057,36072,47396,46331,38523,49669,45992,53362,56195,55617,42156,26303,16623,12039,6218,2677,835,241,48,17,600904,30277,29200,33682,45310,47731,39358,48382,46788,52272,56322,55897,45447,28443,18163,12374,6898,3067,957,259,52,25,604889,30278,29788,30909,43538,48579,40460,46290,48565,50466,55640,55950,48206,31324,20035,12536,7432,3434,1090,275,68,26,603797,29520,30310,29209,41132,47935,41268,43071,49844,48279,54991,55110,51178,34133,21333,13007,8126,3787,1182,287,67,28,599480,27812,30309,29247,37926,46197,41751,39732,50058,47002,54206,53956,53119,36340,22981,13616,9351,4103,1372,306,68,28,593819,26029,29878,28838,35344,44069,41530,37854,49416,45764,52441,54695,53279,39233,24012,14964,10019,4442,1569,333,78,32,589712,23956,29801,28660,32877,41785,41768,37231,46979,45815,50897,54523,53368,42153,25921,16375,10326,4994,1786,387,79,31,583708,21190,29429,29086,30088,39572,41628,36754,43811,46849,48795,53507,53103,44670,28580,18018,10557,5471,2032,451,82,35,576217,18720,28582,29477,28266,36880,40708,36803,40342,47585,46499,52810,52252,47259,31134,19120,10990,5994,2224,490,78,4
"匡魂堡开矫","咯磊牢备荐 (疙)",551669,27460,26137,36777,41072,33601,35734,43729,47076,56645,50923,49692,33896,21248,15106,12752,9426,6054,3081,953,232,75,556832,27844,26534,34079,40931,34818,33561,44759,45781,55646,51681,51282,36654,23087,15352,13887,9929,6317,3268,1084,250,88,561161,28203,26528,32023,40164,36105,32205,45655,43617,54006,54014,51647,39594,24577,16422,14342,10398,6622,3468,1245,234,92,565473,28628,26755,29903,39165,36873,32175,44000,43494,52436,55208,51848,43018,26515,17421,14674,10839,7044,3779,1349,246,103,568645,28642,27533,27406,38105,37735,31841,41516,44462,50339,55543,51579,45655,29980,19129,14478,11371,7561,3926,1454,277,113,568507,28047,28044,26146,36225,36999,32502,38618,45611,47382,56183,50212,48595,32992,20522,14457,11771,8066,4179,1526,320,110,565652,26245,28075,26344,33377,36305,32713,35321,45954,45739,54748,50762,49805,35456,22207,14663,12814,8523,4432,1665,379,125,561804,24521,27935,26255,31103,35016,32744,32723,46215,43152,53068,52633,49885,38084,23589,15661,13238,8962,4681,1782,431,126,558307,22561,28053,26279,28917,33157,32427,31712,43821,42833,51226,53551,49917,41187,25390,16704,13541,9395,5047,2007,455,127,552309,20145,27742,26891,26355,31176,32193,30644,40496,43334,48830,53444,49467,43451,28646,18280,13313,9693,5516,2033,520,140,545375,17804,26912,27208,25039,29008,30826,30653,37093,44091,45779,53967,48027,46041,31341,19573,13341,10057,5844,2183,525,63
"技辆漂喊磊摹矫","醚牢备荐 (疙)",-,-,-,-,-,-,-,-,-,-,-,-,-,-,-,-,-,-,-,-,-,-,113117,6079,5953,6471,6256,6458,6369,8765,9547,9718,8075,9046,7474,5692,4556,5064,3850,2263,1007,352,83,39,122153,6597,6763,6802,6738,7008,6876,9553,10041,11006,9103,9487,8266,5955,4776,5078,4028,2438,1104,397,97,40,156125,9831,9693,8930,8225,8777,8755,13227,14421,15043,11714,11064,9717,6951,5418,5294,4394,2786,1295,465,91,34,210884,14725,15100,12586,10812,11419,11624,18411,21614,21362,16008,13541,12331,8952,6662,5637,4714,3178,1540,541,93,34,243048,17044,17867,14676,12449,12764,13759,20193,25758,24293,19895,14927,14513,10713,7446,5763,5030,3501,1718,576,114,49,280100,19226,20946,17693,14370,14210,16056,21908,30499,28270,23850,16992,16679,12550,8550,6040,5670,3826,1942,636,138,49,314126,21018,23434,20370,16325,15914,18117,23831,34550,30886,27361,19987,18386,14769,9492,6622,5911,4063,2145,736,155,54,340575,21998,25251,22321,17716,16611,19729,25644,35820,33875,30597,22627,19853,16584,10624,7437,6008,4372,2392,882,181,53,355831,20901,26382,24319,18358,17056,20397,26014,35478,36398,32433,24767,20438,18009,12130,8276,6116,4429,2680,994,206,50,371895,19998,27065,25992,19802,17528,20982,27081,34638,38999,33765,28013,20863,19706,13816,8733,6042,4665,2892,1071,217,27
"技辆漂喊磊摹矫","巢磊牢备荐 (疙)",-,-,-,-,-,-,-,-,-,-,-,-,-,-,-,-,-,-,-,-,-,-,57633,3066,2994,3305,3388,3472,3495,4592,5024,5440,4385,4813,3874,2808,2109,2195,1542,724,289,88,14,16,62205,3326,3428,3496,3557,3719,3781,4914,5206,6141,4968,5059,4345,2945,2240,2195,1659,786,303,106,14,17,78862,5002,4932,4570,4261,4586,4552,6529,7253,8241,6379,5963,5042,3473,2558,2313,1785,938,344,123,8,10,105752,7583,7657,6379,5565,5989,5774,8807,10701,11337,8722,7181,6360,4468,3219,2460,1916,1077,415,120,13,9,121505,8741,8990,7409,6345,6714,6711,9749,12652,12668,10863,7903,7399,5313,3585,2593,2049,1220,454,122,17,8,139734,9859,10642,8838,7326,7517,7799,10535,14846,14463,12975,8879,8515,6253,4139,2763,2341,1360,513,138,27,6,156831,10786,11992,10155,8242,8424,8859,11612,16746,15616,14769,10431,9407,7360,4588,3127,2476,1465,565,168,36,7,169845,11215,12937,11209,8885,8683,9674,12495,17489,16918,16306,11794,10186,8288,5191,3533,2545,1582,667,199,40,9,177568,10638,13550,12249,9170,8931,10119,12727,17277,18085,17103,12966,10528,9001,5934,3989,2613,1644,771,222,41,10,185678,10149,13835,13145,9936,9203,10525,13174,16957,19300,17531,14762,10819,9829,6767,4230,2640,1751,855,225,38,7
"技辆漂喊磊摹矫","咯磊牢备荐 (疙)",-,-,-,-,-,-,-,-,-,-,-,-,-,-,-,-,-,-,-,-,-,-,55484,3013,2959,3166,2868,2986,2874,4173,4523,4278,3690,4233,3600,2884,2447,2869,2308,1539,718,264,69,23,59948,3271,3335,3306,3181,3289,3095,4639,4835,4865,4135,4428,3921,3010,2536,2883,2369,1652,801,291,83,23,77263,4829,4761,4360,3964,4191,4203,6698,7168,6802,5335,5101,4675,3478,2860,2981,2609,1848,951,342,83,24,105132,7142,7443,6207,5247,5430,5850,9604,10913,10025,7286,6360,5971,4484,3443,3177,2798,2101,1125,421,80,25,121543,8303,8877,7267,6104,6050,7048,10444,13106,11625,9032,7024,7114,5400,3861,3170,2981,2281,1264,454,97,41,140366,9367,10304,8855,7044,6693,8257,11373,15653,13807,10875,8113,8164,6297,4411,3277,3329,2466,1429,498,111,43,157295,10232,11442,10215,8083,7490,9258,12219,17804,15270,12592,9556,8979,7409,4904,3495,3435,2598,1580,568,119,47,170730,10783,12314,11112,8831,7928,10055,13149,18331,16957,14291,10833,9667,8296,5433,3904,3463,2790,1725,683,141,44,178263,10263,12832,12070,9188,8125,10278,13287,18201,18313,15330,11801,9910,9008,6196,4287,3503,2785,1909,772,165,40,186217,9849,13230,12847,9866,8325,10457,13907,17681,19699,16234,13251,10044,9877,7049,4503,3402,2914,2037,846,179,20
"版扁档","醚牢备荐 (疙)",11937415,625123,630045,799746,860402,748357,810529,990869,1097586,1184314,1043576,975960,661379,437067,365063,307393,209193,112985,53199,18106,4408,2115,12093299,623343,635232,763234,855916,788816,773284,1001797,1069274,1203191,1046279,1020950,710465,466276,372403,332927,223672,122147,56458,20480,4856,2299,12234630,617839,633737,733691,847111,819534,756605,1012245,1026762,1201794,1087138,1036626,779947,486078,391838,340393,239992,131505,60878,23251,5144,2522,12357830,614742,629231,702313,831568,849052,759378,973976,1017575,1188574,1114793,1050866,845167,526150,410808,344170,255530,143036,67809,24673,5660,2759,12522606,609016,642218,655036,824703,875219,769651,935451,1033719,1161579,1141358,1051233,910770,593771,433941,350197,266001,158801,74130,26575,6229,3008,12716780,598082,653028,634739,804776,881482,805768,892726,1063220,1124294,1188236,1044815,981143,669996,440224,357143,283006,175095,80245,28395,7062,3305,12873895,570103,656397,641829,768807,874979,846545,852494,1082495,1101717,1212243,1050438,1027318,720695,471682,367856,309458,188866,87833,30682,8089,3369,13077153,553751,656105,644137,740759,866515,882539,840587,1108984,1070647,1220584,1097798,1048179,794767,495135,390436,320028,204531,95293,33705,9071,3602,13239666,525180,659810,643213,712249,854474,916221,847913,1077914,1074539,1215659,1131608,1067220,862325,537047,411432,325840,220092,105248,38207,9561,3914,13427014,486768,659216,660978,667236,856236,951612,861075,1046384,1102570,1196853,1164819,1070101,927851,604583,433469,332346,230649,117564,42084,10305,4315,13565450,451584,648343,673470,647535,839318,958951,899899,1000548,1136759,1159414,1213970,1060874,993321,676280,435645,337928,245205,129283,45080,10283,1760
"版扁档","巢磊牢备荐 (疙)",6015357,321179,325500,414592,451409,385905,415444,500699,555001,600130,544270,506543,336376,213887,169959,134662,82124,36297,15111,4731,968,570,6091035,320271,327322,396148,447878,408721,396689,507969,538407,612383,539158,529654,362433,229929,174784,147104,89179,40169,15770,5387,1067,613,6159193,317521,325951,380654,442118,425798,389515,512573,519047,611106,555055,537020,399347,240296,185878,151130,97027,44510,16685,6143,1154,665,6219813,315164,323597,363929,432402,443630,392017,495715,513194,604897,565934,543387,432635,261540,196371,153899,104560,49590,18710,6554,1355,733,6299812,311804,330316,338501,427950,457781,399717,476852,522518,589565,579159,541298,466422,295569,207900,157782,110635,56423,20565,6731,1532,792,6395453,306180,335354,327563,416884,462233,419179,456660,537593,570199,599566,539884,501280,333990,211457,162468,119014,63487,22835,6977,1774,876,6475323,292219,336970,330114,398676,458515,443231,436800,549941,556724,615087,536772,525308,360414,228209,168898,131654,69846,25778,7321,2017,829,6577501,283674,336749,330494,383876,453449,464355,432724,563488,543905,619517,556137,535593,398895,239948,181198,136912,76803,28673,7918,2281,912,6659995,269280,338134,329803,368385,446051,485388,437982,550377,545054,618317,570550,544587,433052,261574,192380,140267,83895,32465,9089,2333,1032,6754469,249579,337208,338987,343859,446096,505641,447491,535352,561089,607747,587552,544753,466900,294622,203002,144380,89337,37212,10155,2350,1157,6827298,231277,331462,344926,333137,436755,511068,469614,514005,579073,589159,609759,542868,499729,330553,204473,148337,95985,41691,10936,2143,348
"版扁档","咯磊牢备荐 (疙)",5922058,303944,304545,385154,408993,362452,395085,490170,542585,584184,499306,469417,325003,223180,195104,172731,127069,76688,38088,13375,3440,1545,6002264,303072,307910,367086,408038,380095,376595,493828,530867,590808,507121,491296,348032,236347,197619,185823,134493,81978,40688,15093,3789,1686,6075437,300318,307786,353037,404993,393736,367090,499672,507715,590688,532083,499606,380600,245782,205960,189263,142965,86995,44193,17108,3990,1857,6138017,299578,305634,338384,399166,405422,367361,478261,504381,583677,548859,507479,412532,264610,214437,190271,150970,93446,49099,18119,4305,2026,6222794,297212,311902,316535,396753,417438,369934,458599,511201,572014,562199,509935,444348,298202,226041,192415,155366,102378,53565,19844,4697,2216,6321327,291902,317674,307176,387892,419249,386589,436066,525627,554095,588670,504931,479863,336006,228767,194675,163992,111608,57410,21418,5288,2429,6398572,277884,319427,311715,370131,416464,403314,415694,532554,544993,597156,513666,502010,360281,243473,198958,177804,119020,62055,23361,6072,2540,6499652,270077,319356,313643,356883,413066,418184,407863,545496,526742,601067,541661,512586,395872,255187,209238,183116,127728,66620,25787,6790,2690,6579671,255900,321676,313410,343864,408423,430833,409931,527537,529485,597342,561058,522633,429273,275473,219052,185573,136197,72783,29118,7228,2882,6672545,237189,322008,321991,323377,410140,445971,413584,511032,541481,589106,577267,525348,460951,309961,230467,187966,141312,80352,31929,7955,3158,6738152,220307,316881,328544,314398,402563,447883,430285,486543,557686,570255,604211,518006,493592,345727,231172,189591,149220,87592,34144,8140,1412
"碍盔档","醚牢备荐 (疙)",1536448,63058,68972,94312,103072,94397,89401,99479,113816,129614,125396,141225,109375,71112,73979,69920,45140,25611,12765,4351,1024,429,1538630,61967,67693,89231,102346,97252,83464,99373,109423,129553,122500,142147,114821,77166,72333,73834,48952,26927,13337,4671,1162,478,1542263,60846,66022,84217,101381,100133,80231,98627,103617,127571,125598,140264,123880,80337,72813,73974,53034,28468,14255,5253,1219,523,1544442,59952,64559,79252,99727,102619,79141,93916,100586,124929,127821,136618,131118,88274,72361,73256,56843,30548,15347,5681,1340,554,1549507,58478,64797,73116,97957,105312,79490,89571,100183,121077,129330,131762,137524,99239,72213,72123,59607,33023,16519,6146,1432,608,1550806,56219,65162,68928,94473,103672,81197,84641,100766,115638,130734,127620,144107,111497,70835,70620,62162,36316,17472,6527,1564,656,1550142,52651,64075,67679,89267,102126,83788,79377,100811,111426,130790,125042,145797,117337,77070,69535,66086,39372,18490,7000,1726,697,1543052,50000,62664,65948,84112,98929,83962,75791,99787,105296,128700,127837,143798,126842,80305,70180,66370,42777,19546,7509,1988,711,1541502,47889,61667,64576,79223,95994,85108,75113,95556,102290,126002,130059,140529,134610,88478,69873,66118,46187,21143,8220,2073,794,1542840,45209,60389,64876,72632,93554,86461,75078,91271,102266,122112,132013,135802,141486,100092,69876,65583,48895,23117,8971,2293,864,1538492,42371,58600,65395,68490,89259,86165,76692,86125,102885,116537,133400,131186,148211,111947,68389,64238,51114,25472,9372,2286,358
"碍盔档","巢磊牢备荐 (疙)",773278,32577,35954,49205,54452,52414,48907,51313,58903,67704,65189,71552,55067,34112,34321,30923,17464,7859,3804,1156,260,142,774273,31860,35243,46837,53928,54075,45918,51435,55969,68068,63585,71956,58267,37200,33954,32540,19568,8321,3835,1278,277,159,776498,31310,34353,44063,53310,56165,44444,51186,52943,66784,65294,71191,62944,39040,34317,32613,21583,9046,3949,1486,296,181,778007,30790,33464,41511,52247,57993,44073,49030,51307,65204,66534,69810,66272,43323,34427,32425,23480,9920,4038,1629,336,194,781434,29871,33465,38155,51260,60081,44796,47058,51080,62855,67723,67539,69223,49201,34386,32183,24849,11149,4309,1686,360,205,781146,28587,33646,35842,49562,58555,45614,44880,51230,59842,68046,66132,72265,55728,33646,31887,25993,12725,4650,1721,384,211,780635,26942,32893,35219,46973,57167,47381,42195,51383,57106,68493,64662,73133,59090,36868,31826,27639,14298,4983,1741,443,200,776456,25547,32092,34262,44084,54947,47634,40440,50908,53891,67354,66127,72357,63954,38765,32452,27824,15881,5435,1757,538,207,775386,24465,31613,33426,41535,53183,48287,40124,48951,52159,65663,67254,71243,67622,43139,32715,27943,17494,5959,1813,550,248,776505,23169,30861,33545,38010,52059,49246,40430,46993,51983,63293,68677,68984,70873,49281,32729,28001,18746,6801,1957,601,266,774332,21686,29920,33876,35728,49764,48980,41237,44630,52206,60179,69151,67393,74074,55712,31939,27856,19563,7803,2061,505,69
"碍盔档","咯磊牢备荐 (疙)",763170,30481,33018,45107,48620,41983,40494,48166,54913,61910,60207,69673,54308,37000,39658,38997,27676,17752,8961,3195,764,287,764357,30107,32450,42394,48418,43177,37546,47938,53454,61485,58915,70191,56554,39966,38379,41294,29384,18606,9502,3393,885,319,765765,29536,31669,40154,48071,43968,35787,47441,50674,60787,60304,69073,60936,41297,38496,41361,31451,19422,10306,3767,923,342,766435,29162,31095,37741,47480,44626,35068,44886,49279,59725,61287,66808,64846,44951,37934,40831,33363,20628,11309,4052,1004,360,768073,28607,31332,34961,46697,45231,34694,42513,49103,58222,61607,64223,68301,50038,37827,39940,34758,21874,12210,4460,1072,403,769660,27632,31516,33086,44911,45117,35583,39761,49536,55796,62688,61488,71842,55769,37189,38733,36169,23591,12822,4806,1180,445,769507,25709,31182,32460,42294,44959,36407,37182,49428,54320,62297,60380,72664,58247,40202,37709,38447,25074,13507,5259,1283,497,766596,24453,30572,31686,40028,43982,36328,35351,48879,51405,61346,61710,71441,62888,41540,37728,38546,26896,14111,5752,1450,504,766116,23424,30054,31150,37688,42811,36821,34989,46605,50131,60339,62805,69286,66988,45339,37158,38175,28693,15184,6407,1523,546,766335,22040,29528,31331,34622,41495,37215,34648,44278,50283,58819,63336,66818,70613,50811,37147,37582,30149,16316,7014,1692,598,764160,20685,28680,31519,32762,39495,37185,35455,41495,50679,56358,64249,63793,74137,56235,36450,36382,31551,17669,7311,1781,289
"面没合档","醚牢备荐 (疙)",1562903,73312,73734,99601,110396,95878,101644,111711,121816,136533,126159,133556,100495,68595,63659,60858,45665,23760,10790,3558,895,288,1565628,72631,73339,93833,109219,98184,95203,113083,118936,135061,125059,136202,106162,73471,60934,64505,47887,25345,11349,3991,923,311,1572732,71987,72598,88499,107544,101046,91507,113956,113112,133519,131142,134474,114595,76565,62474,64524,49880,27448,12228,4334,945,355,1578933,71310,71505,83558,105332,104404,89609,109741,111015,130294,135432,133430,121752,82651,64080,63061,52342,29956,13513,4555,993,400,1583952,69901,72418,76761,102867,107314,89142,105015,111243,126615,135518,132416,127854,92075,66119,62229,52357,33110,14581,4940,1037,440,1591625,68043,73502,72974,98821,107711,90423,100107,112483,122308,137329,128372,136462,102400,67836,60318,53799,36293,15595,5161,1217,471,1594432,64209,72997,72634,93192,106777,92886,93907,113775,119602,135994,127247,139789,108989,73292,58591,57766,38489,16823,5598,1398,477,1599252,61420,72239,72100,87613,104809,96132,90687,114881,114093,134530,133349,138079,117557,76533,60285,58146,40213,18487,6093,1485,521,1600007,57527,71758,71456,82901,101462,98743,88993,111087,112082,131515,137493,136936,124629,82667,61899,57003,42548,20308,6881,1585,534,1600837,52777,70594,72924,76455,97947,101262,88242,106435,112956,128238,137933,135867,131059,92282,64012,56507,42884,22685,7504,1705,569,1597427,48252,68723,73830,72581,92950,101465,89632,100975,113768,123559,139383,131491,139302,102395,65336,54732,44266,24927,7933,1659,268
"面没合档","巢磊牢备荐 (疙)",787981,37908,38307,51790,59062,51740,54093,58016,62856,70200,66106,68613,50734,33957,29310,26284,17415,7301,3143,871,202,73,789286,37326,38012,48969,57991,53343,50985,58842,61068,69824,65032,70152,53779,36506,28492,28026,18590,7900,3213,961,193,82,792862,36964,37554,46240,56624,55222,49254,59091,58431,69230,67712,69178,58366,38019,29798,28129,19587,8678,3463,1024,205,93,796141,36444,36910,43687,55252,57384,48329,57112,57366,67748,69643,69009,61934,41032,31104,27477,20873,9742,3693,1101,197,104,798896,35585,37424,40094,53812,58854,48351,54925,57749,65444,69970,68605,65048,45745,32222,27410,21147,11112,3901,1190,194,114,803240,34700,37991,38049,51437,59054,49346,52681,58358,63263,70532,66953,69438,51254,33096,26962,21907,12507,4100,1251,236,125,805091,32715,37555,37724,48748,58095,51309,49648,59128,61525,70252,65942,71451,54769,35988,26728,23762,13497,4506,1326,289,134,808971,31279,37011,37426,45936,56875,54037,48400,59538,59078,69715,68581,70649,59376,37611,28112,24054,14350,5058,1442,302,141,810384,29489,36573,37010,43477,54967,56185,47670,57757,58008,68381,70455,70433,62995,40599,29438,23623,15491,5764,1582,336,151,811591,27140,35928,37676,40027,53074,57775,47838,55445,58666,66308,70900,70058,66257,45476,30570,23702,15881,6658,1683,368,161,810672,24730,34999,38127,37910,50402,57952,48968,52909,59033,63889,71276,68264,70576,50842,31283,23380,16564,7448,1756,325,39
"面没合档","咯磊牢备荐 (疙)",774922,35404,35427,47811,51334,44138,47551,53695,58960,66333,60053,64943,49761,34638,34349,34574,28250,16459,7647,2687,693,215,776342,35305,35327,44864,51228,44841,44218,54241,57868,65237,60027,66050,52383,36965,32442,36479,29297,17445,8136,3030,730,229,779870,35023,35044,42259,50920,45824,42253,54865,54681,64289,63430,65296,56229,38546,32676,36395,30293,18770,8765,3310,740,262,782792,34866,34595,39871,50080,47020,41280,52629,53649,62546,65789,64421,59818,41619,32976,35584,31469,20214,9820,3454,796,296,785056,34316,34994,36667,49055,48460,40791,50090,53494,61171,65548,63811,62806,46330,33897,34819,31210,21998,10680,3750,843,326,788385,33343,35511,34925,47384,48657,41077,47426,54125,59045,66797,61419,67024,51146,34740,33356,31892,23786,11495,3910,981,346,789341,31494,35442,34910,44444,48682,41577,44259,54647,58077,65742,61305,68338,54220,37304,31863,34004,24992,12317,4272,1109,343,790281,30141,35228,34674,41677,47934,42095,42287,55343,55015,64815,64768,67430,58181,38922,32173,34092,25863,13429,4651,1183,380,789623,28038,35185,34446,39424,46495,42558,41323,53330,54074,63134,67038,66503,61634,42068,32461,33380,27057,14544,5299,1249,383,789246,25637,34666,35248,36428,44873,43487,40404,50990,54290,61930,67033,65809,64802,46806,33442,32805,27003,16027,5821,1337,408,786755,23522,33724,35703,34671,42548,43513,40664,48066,54735,59670,68107,63227,68726,51553,34053,31352,27702,17479,6177,1334,229
"面没巢档","醚牢备荐 (疙)",2101284,103537,100446,129789,137668,122349,134621,156560,164182,176424,159933,168397,128691,103608,89278,89475,73336,38133,17322,5594,1398,543,2028777,99303,97493,118763,131780,119869,122265,153366,155824,170422,152903,166081,129202,101666,81879,90394,72058,40050,17484,6102,1331,542,2047631,98875,98104,113458,130993,122775,117905,155839,150941,170752,160519,166162,138840,102273,85361,88685,74970,43213,19112,6809,1466,579,2062273,98147,97952,108420,128958,125703,116662,150892,149914,169773,164005,166642,146970,107428,89231,86275,77411,47376,21079,7148,1666,621,2077649,97179,100057,100964,128250,128585,115648,144176,152733,166754,166354,163567,155290,116878,95903,84428,76011,52160,22599,7721,1712,680,2096727,95052,102154,97587,124772,129557,116741,137091,157444,161823,173898,157684,166438,126378,99447,81949,76860,56611,24475,8123,1905,738,2116770,90932,102946,99211,119246,128816,119543,130413,161950,161164,175364,157805,172402,134032,103152,79727,82097,58819,27478,8716,2203,754,2126282,86639,102385,99582,113969,127436,121007,125200,163743,155920,175737,165277,172773,144099,103997,83461,80819,61600,29897,9524,2438,779,2123709,80582,101325,99289,108897,124097,121640,122292,156961,154283,174072,168492,173012,152093,109071,87440,79161,64045,32946,10648,2498,865,2121029,73073,99555,101176,101372,121014,122186,119694,148904,156834,170957,170699,169484,160893,118479,93901,77538,63284,36681,11709,2675,921,2119257,66394,96332,102846,97827,116853,121444,119176,140389,160243,165176,177805,162786,172007,127794,96915,75152,64308,39865,12831,2697,417
"面没巢档","巢磊牢备荐 (疙)",1063012,53382,52083,67481,72666,63864,72590,84000,86540,93890,85424,87116,64615,51164,41024,38221,29219,12915,5070,1354,282,112,1026812,51101,50481,62017,69236,63079,65480,82461,81947,91106,81254,86218,65455,50054,38574,38691,28856,13838,5111,1463,286,104,1037421,50878,50725,59043,68837,65010,63295,83365,80070,91230,85307,86748,70562,50396,40944,38104,30038,15171,5638,1624,321,115,1045892,50585,50648,56304,67609,67219,62755,80917,79380,90802,87191,87569,74910,52896,43513,37231,31015,16938,6219,1699,372,120,1054439,49975,51819,52339,67039,68828,62603,77299,81312,88723,88745,86421,79290,57939,46839,36879,30680,18760,6605,1839,360,145,1064765,48518,52880,50660,65028,69695,63325,73471,84060,85806,92612,83903,85324,62877,48507,36798,31047,20592,7165,1942,396,159,1076270,46442,53095,51400,62425,69401,65444,69941,86491,85200,93860,83577,88765,67304,50300,36832,33369,21500,8214,2101,444,165,1082009,44144,52761,51485,59456,69096,66613,67283,86971,82926,94116,87424,89448,72489,50787,39323,33027,22582,9115,2298,489,176,1081938,41179,52048,51370,56699,67269,67666,65973,83452,81862,93312,89204,90298,76675,53219,41890,32710,23545,10321,2541,507,198,1082634,37388,51040,52490,52700,65843,68365,65196,79402,83536,91173,90791,88885,81422,58153,45026,32581,23482,11573,2840,544,204,1083366,34043,49276,53308,50857,63412,68362,65184,74803,85588,87797,94594,86205,87563,63020,46516,32555,23909,12665,3117,527,65
"面没巢档","咯磊牢备荐 (疙)",1038272,50155,48363,62308,65002,58485,62031,72560,77642,82534,74509,81281,64076,52444,48254,51254,44117,25218,12252,4240,1116,431,1001965,48202,47012,56746,62544,56790,56785,70905,73877,79316,71649,79863,63747,51612,43305,51703,43202,26212,12373,4639,1045,438,1010210,47997,47379,54415,62156,57765,54610,72474,70871,79522,75212,79414,68278,51877,44417,50581,44932,28042,13474,5185,1145,464,1016381,47562,47304,52116,61349,58484,53907,69975,70534,78971,76814,79073,72060,54532,45718,49044,46396,30438,14860,5449,1294,501,1023210,47204,48238,48625,61211,59757,53045,66877,71421,78031,77609,77146,76000,58939,49064,47549,45331,33400,15994,5882,1352,535,1031962,46534,49274,46927,59744,59862,53416,63620,73384,76017,81286,73781,81114,63501,50940,45151,45813,36019,17310,6181,1509,579,1040500,44490,49851,47811,56821,59415,54099,60472,75459,75964,81504,74228,83637,66728,52852,42895,48728,37319,19264,6615,1759,589,1044273,42495,49624,48097,54513,58340,54394,57917,76772,72994,81621,77853,83325,71610,53210,44138,47792,39018,20782,7226,1949,603,1041771,39403,49277,47919,52198,56828,53974,56319,73509,72421,80760,79288,82714,75418,55852,45550,46451,40500,22625,8107,1991,667,1038395,35685,48515,48686,48672,55171,53821,54498,69502,73298,79784,79908,80599,79471,60326,48875,44957,39802,25108,8869,2131,717,1035891,32351,47056,49538,46970,53441,53082,53992,65586,74655,77379,83211,76581,84444,64774,50399,42597,40399,27200,9714,2170,352
"傈扼合档","醚牢备荐 (疙)",1874031,81339,86702,120399,133790,114210,112068,123039,138367,153823,144311,153087,118824,102153,86811,82446,64173,36130,15397,5244,1237,481,1873341,80571,85602,113823,132153,116194,104246,122650,134017,154629,143360,155349,125248,101913,84112,89843,66807,38154,16840,5992,1316,522,1872965,79504,84055,107285,130806,118776,98854,121636,127319,152961,148258,155784,132941,102022,87492,88225,69316,40745,18176,6821,1407,582,1871560,78525,82782,101214,127245,121652,95890,116047,123241,152371,150765,153614,139428,106160,91901,85317,71862,44223,20205,6969,1546,603,1869711,76412,83412,93142,124671,124468,94230,109611,122906,147620,151915,148692,146891,112217,98716,83782,71225,48181,22256,7039,1686,639,1864791,73102,84270,87768,119853,124667,94669,102681,122970,140393,155191,145516,153759,118749,99944,82388,73568,51298,24021,7470,1817,697,1854607,67854,82963,86376,113580,123592,96350,94635,121322,135581,155717,144160,156060,125135,99781,80349,80641,53751,25614,8332,2108,706,1836832,63016,80974,84437,106361,120700,96854,88672,119202,127901,153250,148505,156093,132457,99878,83523,79342,55907,27578,9108,2326,748,1818917,57543,79540,82601,99871,115785,98080,85188,112791,122542,151903,150416,153219,138762,104088,87806,77071,58305,30110,10203,2289,804,1804104,51498,77194,83137,91826,112279,99185,83029,105983,121619,146658,151542,147980,145971,109858,94488,75852,58370,33134,11298,2347,856,1786855,46252,73421,83690,86438,107426,99153,83512,98669,120748,138927,154042,144612,152346,116047,95579,74758,60589,35402,12442,2397,405
"傈扼合档","巢磊牢备荐 (疙)",934002,41950,45016,62239,70059,61036,59883,64044,71807,80286,75378,77458,59417,49971,39293,34601,24213,11648,4320,1101,204,78,933386,41602,44232,58983,69183,62197,55472,64057,69096,81128,74771,78728,63123,49827,39156,37743,25422,12342,4725,1305,197,97,932894,40950,43564,55478,68271,63854,52476,63518,65846,79993,77311,79323,66956,50009,41406,37031,26678,13302,5129,1471,222,106,931536,40436,42866,52300,66291,65333,50788,60560,63650,79499,78634,78764,70210,52321,43736,36077,27812,14625,5708,1572,238,116,930255,39303,43033,48270,64774,66649,50273,57015,63410,76831,79448,76692,73841,55463,47235,35884,27762,16224,6160,1593,273,122,927505,37673,43355,45595,62149,66827,50509,53252,63359,72746,80985,75777,77248,58797,47933,36068,29015,17516,6542,1700,318,141,922307,34862,42756,44659,59075,66309,51491,48895,62615,69711,81657,74951,78541,62351,47873,36386,32016,18621,7073,1929,396,140,913297,32315,41629,43723,55194,64797,51984,45745,61292,65824,80110,77222,79024,66119,48117,38457,31625,19639,7815,2095,420,151,904110,29391,40909,42764,51768,62348,52790,44067,57832,62898,79110,78254,78020,69401,50478,40717,31043,20702,8640,2373,442,163,896874,26306,39696,42897,47706,60484,53725,43329,54136,62300,76030,78938,75950,72891,53421,44102,31053,20914,9786,2584,449,177,888994,23638,37834,43057,45004,57847,53924,43809,50351,61705,71760,80079,75030,76128,56721,44810,31334,21995,10660,2831,423,54
"傈扼合档","咯磊牢备荐 (疙)",940029,39389,41686,58160,63731,53174,52185,58995,66560,73537,68933,75629,59407,52182,47518,47845,39960,24482,11077,4143,1033,403,939955,38969,41370,54840,62970,53997,48774,58593,64921,73501,68589,76621,62125,52086,44956,52100,41385,25812,12115,4687,1119,425,940071,38554,40491,51807,62535,54922,46378,58118,61473,72968,70947,76461,65985,52013,46086,51194,42638,27443,13047,5350,1185,476,940024,38089,39916,48914,60954,56319,45102,55487,59591,72872,72131,74850,69218,53839,48165,49240,44050,29598,14497,5397,1308,487,939456,37109,40379,44872,59897,57819,43957,52596,59496,70789,72467,72000,73050,56754,51481,47898,43463,31957,16096,5446,1413,517,937286,35429,40915,42173,57704,57840,44160,49429,59611,67647,74206,69739,76511,59952,52011,46320,44553,33782,17479,5770,1499,556,932300,32992,40207,41717,54505,57283,44859,45740,58707,65870,74060,69209,77519,62784,51908,43963,48625,35130,18541,6403,1712,566,923535,30701,39345,40714,51167,55903,44870,42927,57910,62077,73140,71283,77069,66338,51761,45066,47717,36268,19763,7013,1906,597,914807,28152,38631,39837,48103,53437,45290,41121,54959,59644,72793,72162,75199,69361,53610,47089,46028,37603,21470,7830,1847,641,907230,25192,37498,40240,44120,51795,45460,39700,51847,59319,70628,72604,72030,73080,56437,50386,44799,37456,23348,8714,1898,679,897861,22614,35587,40633,41434,49579,45229,39703,48318,59043,67167,73963,69582,76218,59326,50769,43424,38594,24742,9611,1974,351
"傈扼巢档","醚牢备荐 (疙)",1914339,80755,82433,117609,129875,106588,104537,116516,129336,150467,149114,158416,121134,111210,101829,106451,75558,44317,19669,6374,1572,579,1909618,80536,80964,109966,128743,109135,96837,116592,124720,149434,148814,160066,126462,110825,97445,112811,79427,47209,20017,7368,1630,617,1907172,79649,79440,103112,127390,111816,91395,116369,118795,146646,150930,161315,136478,109272,99539,109376,84026,49887,20847,8579,1640,671,1905780,78849,78375,96259,124670,115129,89020,111258,116819,144155,152200,158884,145208,111146,103500,104788,87804,52609,23846,8765,1795,701,1908996,78080,80062,87829,122128,118818,87733,106660,118160,138998,152732,154778,154126,117055,107180,100599,90223,55564,26626,8906,1986,753,1903914,75316,81420,82763,117131,118380,88043,100521,118971,132372,153868,152650,161838,121725,109451,96220,93770,58952,28418,9211,2135,759,1896424,70197,81032,81907,109738,117387,90025,92908,119327,128133,153158,152436,164096,127629,109580,92741,100108,62531,30619,9612,2521,739,1882970,65546,79700,80393,103106,115415,91402,86356,118572,121711,149750,154877,165027,137983,108152,95217,97229,66506,32331,9931,2991,775,1868745,61275,78154,78999,96263,111445,93465,83092,112332,119201,146835,155603,162445,147088,110253,98870,93560,69901,34684,11541,2944,795,1851549,56034,76168,80129,87179,106593,94116,80211,105853,118922,140827,155718,157961,155958,116419,102724,90182,72425,37193,13057,3010,870,1832803,50563,73149,81264,81884,100470,93265,79963,98465,118947,133307,156395,156068,163865,121006,104632,86390,75612,39878,14204,3012,464
"傈扼巢档","巢磊牢备荐 (疙)",956747,41502,42763,61184,68467,57846,56639,61556,69362,81564,80780,82141,61419,55004,45547,43453,27338,13494,5157,1241,218,72,954354,41226,41827,57422,67719,59215,52139,61942,66415,81103,80846,83373,64609,55046,44588,46488,28962,14418,5256,1454,241,65,952597,40648,40996,53831,66863,60550,49129,61522,63347,79376,82062,84323,70298,54259,46427,45392,30824,15205,5594,1639,238,74,951975,40200,40313,50282,65281,62652,47756,58910,61780,78024,83037,83682,74712,55303,49105,43781,32592,16183,6287,1738,279,78,953881,39648,41287,45725,63806,64605,47142,56290,62415,75032,83241,82268,79418,58485,51574,42580,33784,17596,6767,1826,304,88,951889,38409,41861,42924,61192,64507,47355,52819,62615,71238,83509,82424,83280,61009,53151,41495,35701,18897,7217,1857,332,97,948290,35944,41476,42336,57466,63863,48481,48576,63056,68361,83115,82436,84816,64502,53459,41111,38713,20252,7901,1941,389,96,943000,33528,40674,41594,53981,63232,49618,45237,62376,64984,80967,83873,85684,70311,52844,43265,38004,21834,8371,2088,427,108,937674,31366,39819,40630,50380,61653,51757,43508,59266,63133,79431,84448,85007,74983,54027,45766,36978,23376,9098,2471,460,117,930615,28653,38703,41309,45499,59363,52717,42269,55660,63011,75935,84480,83610,79664,57527,48265,36114,24536,9999,2683,496,122,922221,25841,37257,41788,42628,56085,52323,42365,51559,62701,71686,84545,83824,83910,60171,49697,35452,26065,10852,2925,497,50
"傈扼巢档","咯磊牢备荐 (疙)",957592,39253,39670,56425,61408,48742,47898,54960,59974,68903,68334,76275,59715,56206,56282,62998,48220,30823,14512,5133,1354,507,955264,39310,39137,52544,61024,49920,44698,54650,58305,68331,67968,76693,61853,55779,52857,66323,50465,32791,14761,5914,1389,552,954575,39001,38444,49281,60527,51266,42266,54847,55448,67270,68868,76992,66180,55013,53112,63984,53202,34682,15253,6940,1402,597,953805,38649,38062,45977,59389,52477,41264,52348,55039,66131,69163,75202,70496,55843,54395,61007,55212,36426,17559,7027,1516,623,955115,38432,38775,42104,58322,54213,40591,50370,55745,63966,69491,72510,74708,58570,55606,58019,56439,37968,19859,7080,1682,665,952025,36907,39559,39839,55939,53873,40688,47702,56356,61134,70359,70226,78558,60716,56300,54725,58069,40055,21201,7354,1803,662,948134,34253,39556,39571,52272,53524,41544,44332,56271,59772,70043,70000,79280,63127,56121,51630,61395,42279,22718,7671,2132,643,939970,32018,39026,38799,49125,52183,41784,41119,56196,56727,68783,71004,79343,67672,55308,51952,59225,44672,23960,7843,2564,667,931071,29909,38335,38369,45883,49792,41708,39584,53066,56068,67404,71155,77438,72105,56226,53104,56582,46525,25586,9070,2484,678,920934,27381,37465,38820,41680,47230,41399,37942,50193,55911,64892,71238,74351,76294,58892,54459,54068,47889,27194,10374,2514,748,910582,24722,35892,39476,39256,44385,40942,37598,46906,56246,61621,71850,72244,79955,60835,54935,50938,49547,29026,11279,2515,414
"版惑合档","醚牢备荐 (疙)",2699195,114990,113039,154433,174306,162897,165177,185542,198435,222284,215966,232832,188572,146336,122534,124112,93583,50923,23235,7800,1681,518,2698353,114550,112349,144291,171791,164304,154787,186221,191284,221540,212501,237300,195873,154043,118081,131993,97170,54500,24828,8514,1854,579,2699440,113765,110547,136387,168152,166385,147917,185860,181859,216774,218351,238215,204451,158360,121487,132824,101650,57887,26706,9288,1947,628,2700794,113536,109143,127631,163538,167801,145000,177323,178876,212377,221615,233377,218334,164891,127526,128403,106769,63403,28792,9661,2106,692,2702826,112990,110404,116851,160476,169489,141894,168433,179124,206070,222443,228788,227993,178237,136584,122051,107712,69146,30749,10399,2259,734,2700398,110059,112213,110753,153905,167180,141123,157308,182285,197370,224577,221457,238550,191201,145050,116069,109699,74283,33119,10913,2473,811,2691706,103076,112375,110178,144218,163898,141492,145937,183150,190517,223737,217850,243636,198961,153190,112395,117719,77582,36206,11978,2798,813,2676831,96504,111105,108876,136223,159293,140832,137366,182176,180800,218773,223559,244091,207884,157402,116068,118968,81441,38640,12891,3081,858,2665836,89397,110787,107949,127799,153606,140944,133168,173639,177470,214063,226491,238777,222331,164125,122471,115492,86363,42814,14117,3106,927,2639422,80061,109500,109104,116820,145890,138273,128595,162522,176794,206714,226118,233544,231772,177478,131227,110184,87876,47171,15445,3341,993,2626609,72134,106381,110844,111120,139367,136654,128064,151411,179407,197773,228104,226323,242715,190332,139126,105025,89949,51014,16860,3453,553
"版惑合档","巢磊牢备荐 (疙)",1355727,59550,59406,81571,94579,90768,89105,97370,103218,116161,112974,118538,93558,72382,55201,51673,35179,15860,6434,1783,304,113,1355294,59348,58777,76363,92533,91694,84023,98036,98924,116719,110646,121119,98162,75833,54351,55557,36739,17276,6830,1891,356,117,1355951,58902,57720,72121,90141,92549,81245,97521,94907,114006,113599,121814,103124,77681,57471,56111,38659,18663,7180,2056,366,115,1356182,58762,56858,67485,87327,93162,80338,93166,93198,111512,115347,120232,109743,80976,61727,54356,41016,20674,7618,2158,392,135,1357306,58370,57370,61511,85409,93907,79063,88692,93862,107764,116402,118143,115157,87224,66615,52270,41626,23002,8034,2310,427,148,1356868,56856,58275,58284,81782,92745,78786,83161,95436,102830,117042,115613,120773,94214,70772,50718,42799,25049,8685,2422,455,171,1353164,53189,58368,57724,76770,91043,79489,77666,95899,98698,117474,113052,123549,99261,74481,50499,46526,26376,9779,2641,499,181,1346689,49752,57606,56989,72418,88670,79566,73927,94941,94349,114607,115837,124077,104460,76348,53758,47301,27928,10651,2771,552,181,1342037,45915,57308,56298,67951,85787,79833,72520,90580,92555,112032,117427,122451,111331,79869,58054,46346,30003,12013,3008,559,197,1329211,41099,56630,56781,61889,82032,78798,70453,84830,92493,107713,117637,120105,116764,86177,62666,44810,30755,13536,3237,594,212,1323661,37050,54871,57543,58920,78245,78172,70331,79324,93626,102758,118203,117581,122782,93175,66410,43737,31935,14756,3624,557,61
"版惑合档","咯磊牢备荐 (疙)",1343468,55440,53633,72862,79727,72129,76072,88172,95217,106123,102992,114294,95014,73954,67333,72439,58404,35063,16801,6017,1377,405,1343059,55202,53572,67928,79258,72610,70764,88185,92360,104821,101855,116181,97711,78210,63730,76436,60431,37224,17998,6623,1498,462,1343489,54863,52827,64266,78011,73836,66672,88339,86952,102768,104752,116401,101327,80679,64016,76713,62991,39224,19526,7232,1581,513,1344612,54774,52285,60146,76211,74639,64662,84157,85678,100865,106268,113145,108591,83915,65799,74047,65753,42729,21174,7503,1714,557,1345520,54620,53034,55340,75067,75582,62831,79741,85262,98306,106041,110645,112836,91013,69969,69781,66086,46144,22715,8089,1832,586,1343530,53203,53938,52469,72123,74435,62337,74147,86849,94540,107535,105844,117777,96987,74278,65351,66900,49234,24434,8491,2018,640,1338542,49887,54007,52454,67448,72855,62003,68271,87251,91819,106263,104798,120087,99700,78709,61896,71193,51206,26427,9337,2299,632,1330142,46752,53499,51887,63805,70623,61266,63439,87235,86451,104166,107722,120014,103424,81054,62310,71667,53513,27989,10120,2529,677,1323799,43482,53479,51651,59848,67819,61111,60648,83059,84915,102031,109064,116326,111000,84256,64417,69146,56360,30801,11109,2547,730,1310211,38962,52870,52323,54931,63858,59475,58142,77692,84301,99001,108481,113439,115008,91301,68561,65374,57121,33635,12208,2747,781,1302948,35084,51510,53301,52200,61122,58482,57733,72087,85781,95015,109901,108742,119933,97157,72716,61288,58014,36258,13236,2896,492
"版惑巢档","醚牢备荐 (疙)",3308765,161667,158185,213178,235061,196306,205216,248689,269083,302708,273811,283356,209454,152521,121333,115767,85647,48273,20958,5901,1202,449,3319314,160721,158668,200477,232710,202037,190508,250711,260543,301357,272206,291519,221445,161581,121333,121570,88818,52168,22469,6703,1318,452,3333820,158915,158150,189612,228844,207994,181515,250766,248990,299392,283018,290900,238611,165468,127221,122809,92664,55225,24255,7597,1385,489,3350257,159041,157421,178980,223709,213482,178204,239872,247021,292851,292575,288493,254102,175489,134037,121724,96749,59367,26816,8294,1474,556,3364702,156768,161099,164918,219369,218532,176262,226407,250407,284047,296920,282918,268960,194076,143306,117531,99271,63697,28801,9153,1664,596,3373871,151587,163889,157298,210364,218740,178628,210208,256039,271415,303440,275777,285726,210482,150374,115340,103023,67908,31329,9794,1871,639,3380404,143158,164257,158538,198364,215566,181702,194774,259291,263796,302849,274889,294963,223797,160138,116076,109248,71190,34328,10670,2157,653,3373988,134437,162205,158187,187710,210464,183716,182991,258244,251837,300567,285305,294292,240868,164221,122292,110731,74564,36613,11624,2442,678,3362553,123552,161948,157244,176713,202556,185006,177106,245575,249665,293615,294426,290994,255896,174112,128970,110412,78363,40032,13007,2642,719,3340216,109520,159246,160856,163358,194381,184055,170913,228645,252093,284130,297951,284497,270313,192418,138249,106942,81352,43296,14293,2881,827,3314183,97104,153565,163834,155627,182871,179790,169872,210014,256582,270814,303598,276181,285952,208161,144807,104913,84787,46635,15664,3018,394
"版惑巢档","巢磊牢备荐 (疙)",1664755,83483,83188,112232,127302,107591,108904,128811,138323,154797,142562,144942,105378,74959,54674,46877,30208,13875,5138,1266,181,64,1670545,83087,82951,105672,125520,111336,101306,130252,133484,155417,140746,149289,111880,79886,55846,49656,32027,14990,5495,1400,236,69,1678592,82118,82153,100042,122664,115261,97200,130192,128603,154367,145449,149154,121231,81764,59939,50697,33774,16173,5924,1550,254,83,1687114,82121,81420,94625,119086,118840,96124,124730,127352,151396,150169,147921,128754,87399,64174,51022,35740,17598,6533,1716,304,90,1694981,80707,83352,86934,116252,121456,96053,118148,129524,146588,152748,145266,136671,96329,69131,50134,37082,19486,6890,1797,340,93,1699219,77996,84576,82629,111020,121582,97353,110068,132603,140056,155245,143182,144807,104730,72692,50324,39052,21428,7522,1900,349,105,1701413,73620,84751,82840,104835,119464,99306,102045,134338,135270,156154,141544,149504,111902,77925,52007,42001,23050,8306,2060,374,117,1697412,69079,83656,82180,99263,116471,100816,96122,133210,129849,154796,145828,149491,121099,79856,56152,43170,24487,9065,2275,416,131,1692032,63329,83535,81410,93689,112142,102108,93559,126621,128535,151482,150352,147865,128355,85384,60265,43914,26175,10113,2598,455,146,1681423,56228,81911,83259,86372,108252,102259,90934,117978,129968,146144,152535,144714,135870,94146,64986,43450,27592,11395,2795,458,177,1668338,50001,78992,84478,81994,102154,100439,90402,108587,132175,139183,154529,142161,143504,102209,68258,43826,29235,12655,3026,471,59
"版惑巢档","咯磊牢备荐 (疙)",1644010,78184,74997,100946,107759,88715,96312,119878,130760,147911,131249,138414,104076,77562,66659,68890,55439,34398,15820,4635,1021,385,1648769,77634,75717,94805,107190,90701,89202,120459,127059,145940,131460,142230,109565,81695,65487,71914,56791,37178,16974,5303,1082,383,1655228,76797,75997,89570,106180,92733,84315,120574,120387,145025,137569,141746,117380,83704,67282,72112,58890,39052,18331,6047,1131,406,1663143,76920,76001,84355,104623,94642,82080,115142,119669,141455,142406,140572,125348,88090,69863,70702,61009,41769,20283,6578,1170,466,1669721,76061,77747,77984,103117,97076,80209,108259,120883,137459,144172,137652,132289,97747,74175,67397,62189,44211,21911,7356,1324,503,1674652,73591,79313,74669,99344,97158,81275,100140,123436,131359,148195,132595,140919,105752,77682,65016,63971,46480,23807,7894,1522,534,1678991,69538,79506,75698,93529,96102,82396,92729,124953,128526,146695,133345,145459,111895,82213,64069,67247,48140,26022,8610,1783,536,1676576,65358,78549,76007,88447,93993,82900,86869,125034,121988,145771,139477,144801,119769,84365,66140,67561,50077,27548,9349,2026,547,1670521,60223,78413,75834,83024,90414,82898,83547,118954,121130,142133,144074,143129,127541,88728,68705,66498,52188,29919,10409,2187,573,1658793,53292,77335,77597,76986,86129,81796,79979,110667,122125,137986,145416,139783,134443,98272,73263,63492,53760,31901,11498,2423,650,1645845,47103,74573,79356,73633,80717,79351,79470,101427,124407,131631,149069,134020,142448,105952,76549,61087,55552,33980,12638,2547,335
"力林漂喊磊摹档","醚牢备荐 (疙)",576156,28841,31264,41115,43113,33601,33947,39756,46568,53216,48152,44976,33252,25775,22620,20181,15243,7919,4082,1819,544,172,583713,28990,31421,39347,43267,35296,31762,40569,45015,54510,48799,46632,35900,26280,23162,21043,15979,8806,4065,2102,582,186,593806,29293,31373,38270,42925,37554,30797,41537,43256,55129,50212,48470,39402,26283,24264,21291,16369,10123,3869,2602,597,190,607346,29921,31742,36798,42404,40034,30849,41082,43886,55441,52446,49514,42631,28187,24933,21442,16973,11110,4612,2520,620,201,624395,30321,32862,34628,42685,42141,31424,40222,45589,55359,55283,50587,45542,31859,26021,21703,17555,12094,5232,2425,650,213,641597,30426,33832,33859,41882,43143,33430,38891,48018,53897,58533,52169,48779,35549,26425,22119,18575,12907,5831,2346,755,231,657083,29473,34637,34617,40256,43726,36025,37181,50131,53374,61095,53711,51155,38585,27257,22855,19441,13565,6535,2323,899,242,667191,28679,35040,34542,39177,43284,38430,36020,51707,51521,61841,55354,53044,42345,27275,24096,19779,13929,7539,2180,1162,247,670989,27180,35106,34603,37524,42061,40094,35186,49644,51325,61766,57221,53538,45344,29081,24618,19962,14466,8258,2684,1058,270,674635,25018,35279,35492,35169,41496,41250,35045,47510,52183,60193,59036,53365,47445,32316,25452,20139,15017,8875,3057,1002,296,676759,23046,34941,36351,34018,39656,41267,36325,44701,53852,57399,61186,53719,49653,35224,25461,20322,15800,9430,3307,906,195
"力林漂喊磊摹档","巢磊牢备荐 (疙)",288152,14858,16563,21442,22746,17707,17557,20282,24039,27459,25446,23021,16593,12595,10736,8667,5479,1916,725,249,54,18,292213,14884,16421,20683,22673,18815,16490,20704,23249,28138,25743,23980,18023,12924,11028,9181,5904,2289,729,274,60,21,297504,15010,16382,20079,22516,19969,16034,21137,22422,28403,26499,24964,19992,12786,11717,9381,6272,2803,737,318,62,21,304656,15326,16524,19380,22223,21274,16024,20966,22492,28721,27706,25669,21613,13828,12037,9615,6641,3313,879,335,69,21,313428,15583,17021,18376,22278,22239,16482,20450,23318,28729,29090,26290,23195,15701,12508,9905,6965,3852,1023,324,75,24,322545,15601,17471,17947,21872,22977,17365,19777,24432,28148,30609,27483,24895,17590,12711,10223,7552,4231,1224,329,82,26,330823,15163,17855,18140,21123,23086,18972,18984,25528,27807,32019,28298,26267,19186,13198,10615,8061,4631,1455,308,100,27,335719,14808,18016,18019,20507,22937,20142,18379,26158,26857,32293,29155,27200,21274,13068,11363,8327,4936,1826,313,114,27,337345,14008,18024,18009,19699,22271,21181,17920,25152,26324,32239,30162,27528,22710,14044,11563,8546,5223,2159,439,110,34,338609,12846,18122,18381,18587,22024,21684,17925,23863,26639,31330,30841,27505,23863,15692,11921,8773,5505,2470,502,96,40,339177,11851,17931,18818,17992,21088,21731,18400,22355,27153,29843,31699,27986,24965,17157,11974,8939,5927,2696,580,82,10
"力林漂喊磊摹档","咯磊牢备荐 (疙)",288004,13983,14701,19673,20367,15894,16390,19474,22529,25757,22706,21955,16659,13180,11884,11514,9764,6003,3357,1570,490,154,291500,14106,15000,18664,20594,16481,15272,19865,21766,26372,23056,22652,17877,13356,12134,11862,10075,6517,3336,1828,522,165,296302,14283,14991,18191,20409,17585,14763,20400,20834,26726,23713,23506,19410,13497,12547,11910,10097,7320,3132,2284,535,169,302690,14595,15218,17418,20181,18760,14825,20116,21394,26720,24740,23845,21018,14359,12896,11827,10332,7797,3733,2185,551,180,310967,14738,15841,16252,20407,19902,14942,19772,22271,26630,26193,24297,22347,16158,13513,11798,10590,8242,4209,2101,575,189,319052,14825,16361,15912,20010,20166,16065,19114,23586,25749,27924,24686,23884,17959,13714,11896,11023,8676,4607,2017,673,205,326260,14310,16782,16477,19133,20640,17053,18197,24603,25567,29076,25413,24888,19399,14059,12240,11380,8934,5080,2015,799,215,331472,13871,17024,16523,18670,20347,18288,17641,25549,24664,29548,26199,25844,21071,14207,12733,11452,8993,5713,1867,1048,220,333644,13172,17082,16594,17825,19790,18913,17266,24492,25001,29527,27059,26010,22634,15037,13055,11416,9243,6099,2245,948,236,336026,12172,17157,17111,16582,19472,19566,17120,23647,25544,28863,28195,25860,23582,16624,13531,11366,9512,6405,2555,906,256,337582,11195,17010,17533,16026,18568,19536,17925,22346,26699,27556,29487,25733,24688,18067,13487,11383,9873,6734,2727,824,185
