시군구별,1997.01,1997.02,1997.03,1997.04,1997.05,1997.06,1997.07,1997.08,1997.09,1997.1,1997.11,1997.12,1998.01,1998.02,1998.03,1998.04,1998.05,1998.06,1998.07,1998.08,1998.09,1998.1,1998.11,1998.12,1999.01,1999.02,1999.03,1999.04,1999.05,1999.06,1999.07,1999.08,1999.09,1999.1,1999.11,1999.12,2000.01,2000.02,2000.03,2000.04,2000.05,2000.06,2000.07,2000.08,2000.09,2000.1,2000.11,2000.12,2001.01,2001.02,2001.03,2001.04,2001.05,2001.06,2001.07,2001.08,2001.09,2001.1,2001.11,2001.12,2002.01,2002.02,2002.03,2002.04,2002.05,2002.06,2002.07,2002.08,2002.09,2002.1,2002.11,2002.12,2003.01,2003.02,2003.03,2003.04,2003.05,2003.06,2003.07,2003.08,2003.09,2003.1,2003.11,2003.12,2004.01,2004.02,2004.03,2004.04,2004.05,2004.06,2004.07,2004.08,2004.09,2004.1,2004.11,2004.12,2005.01,2005.02,2005.03,2005.04,2005.05,2005.06,2005.07,2005.08,2005.09,2005.1,2005.11,2005.12,2006.01,2006.02,2006.03,2006.04,2006.05,2006.06,2006.07,2006.08,2006.09,2006.1,2006.11,2006.12,2007.01,2007.02,2007.03,2007.04,2007.05,2007.06,2007.07,2007.08,2007.09,2007.1,2007.11,2007.12,2008.01,2008.02,2008.03,2008.04,2008.05,2008.06,2008.07,2008.08,2008.09,2008.1,2008.11,2008.12,2009.01,2009.02,2009.03,2009.04,2009.05,2009.06,2009.07,2009.08,2009.09,2009.1,2009.11,2009.12,2010.01,2010.02,2010.03,2010.04,2010.05,2010.06,2010.07,2010.08,2010.09,2010.1,2010.11,2010.12,2011.01,2011.02,2011.03,2011.04,2011.05,2011.06,2011.07,2011.08,2011.09,2011.1,2011.11,2011.12,2012.01,2012.02,2012.03,2012.04,2012.05,2012.06,2012.07,2012.08,2012.09,2012.1,2012.11,2012.12,2013.01,2013.02,2013.03,2013.04,2013.05,2013.06,2013.07,2013.08,2013.09,2013.1,2013.11,2013.12,2014.01,2014.02,2014.03,2014.04,2014.05,2014.06,2014.07,2014.08,2014.09,2014.1,2014.11,2014.12,2015.01,2015.02,2015.03,2015.04,2015.05,2015.06,2015.07,2015.08,2015.09,2015.1,2015.11,2015.12,2016.01,2016.02,2016.03,2016.04,2016.05,2016.06,2016.07,2016.08,2016.09,2016.1,2016.11,2016.12,2017.01,2017.02,2017.03,2017.04,2017.05,2017.06,2017.07,2017.08,2017.09,2017.1,2017.11,2017.12,2018.01,2018.02,2018.03,2018.04,2018.05,2018.06,2018.07,2018.08,2018.09,2018.1,2018.11,2018.12,2019.01,2019.02,2019.03,2019.04,2019.05,2019.06,2019.07,2019.08,2019.09,2019.1,2019.11,2019.12,2020.01,2020.02,2020.03,2020.04,2020.05,2020.06,2020.07,2020.08,2020.09,2020.1,2020.11,2020.12,2021.01,2021.02,2021.03,2021.04,2021.05,2021.06,2021.07,2021.08,2021.09,2021.1,2021.11,2021.12
전국,34930,28299,32684,33559,40012,33895,26475,21718,19336,31862,40686,45504,31026,30056,32947,35349,37869,32574,23805,19038,19522,26234,35863,49217,32462,25575,33160,30483,37045,36243,25464,19217,16485,24713,34926,44634,30120,26187,30418,28179,35330,29029,20488,18780,15844,26823,33343,37549,27280,24243,28002,29065,33809,26465,20576,19804,17151,21780,31674,38558,28647,20914,26449,26328,31987,24828,21637,19486,16024,23124,30115,35338,25006,22547,25306,25700,29706,24495,22196,19080,16405,25989,28904,37169,25205,23693,27464,22460,27031,27224,20731,20979,16571,23367,30205,43668,24214,20633,26928,25348,29505,27173,21804,23344,18991,23867,31693,40804,26287,22319,27425,24364,31420,29038,22414,25182,19207,23163,33716,46099,32882,27806,27313,26573,31827,27575,24817,25920,18284,27323,33472,39767,29503,24486,28355,26536,30865,27220,26098,23659,20129,25543,26834,38487,28372,23255,25817,24734,28413,25857,22841,23188,20873,23346,26855,36208,26325,24218,27514,27195,28341,28370,24643,26157,21179,24224,30189,37749,26786,23606,27701,25682,30084,27882,23475,26885,21070,25892,31468,38556,29197,25611,28134,27792,27632,26009,24417,24358,18974,27120,30499,37330,28811,24060,23574,24381,30836,26215,27256,25646,19236,27081,28426,37285,26940,25043,24988,23841,28324,24789,24967,22294,19326,27118,23602,34275,28396,20912,27197,24669,27946,26737,23571,21821,19001,23237,26047,33294,23869,22474,24991,22844,25489,24285,21154,23017,17763,21951,25385,28413,23845,21501,23290,20076,26924,22292,18964,20068,17933,17348,24629,27585,24370,19008,22773,20610,24996,20610,20091,19345,14344,21856,22801,26818,21326,18199,19549,20026,23045,17942,19178,18336,15798,20327,20488,24945,19819,19103,19358,15669,18144,17184,17080,15032,15324,16473,18177,22139,16280,14972,16762,15861,16153,16235,15739,14720,13733,15203,17088,19761
서울특별시,8000,6238,7428,7965,9776,8591,6747,5368,4722,7930,9959,11208,7013,6328,7348,8117,9059,7975,5907,4561,4746,6496,8693,11976,7168,5632,7165,7183,8619,8983,6283,4783,4095,6050,8524,10730,6781,5596,6781,6667,8428,7160,5162,4660,3694,6393,7963,9460,6242,5454,6751,6825,8221,6667,5223,4992,4337,5378,7705,9581,6309,4818,6116,6151,7546,6082,5476,4833,4041,5633,7219,8472,5708,5103,5868,5897,7118,6132,5580,4814,4040,6130,7074,9286,5687,5205,6250,5274,6200,6293,4764,4993,3962,5396,6963,10566,5144,4401,5796,5679,6321,6226,5102,5606,4430,5409,7372,9800,5672,4797,5889,5362,7079,6500,5054,5984,4335,5279,7508,10465,6855,5994,5816,5775,7167,6012,5702,5982,4292,6141,7277,9386,5955,5168,6102,5850,6743,5892,5902,5595,4609,5547,5845,8545,6168,4993,5591,5267,6282,5849,5306,5192,4935,5505,5736,8017,5376,5242,5819,5851,5844,6064,5603,5794,4964,5064,6480,8365,5515,5050,5872,5296,6460,6039,5250,6187,4792,5636,6894,8528,5967,5371,6053,6013,6215,5600,5278,5395,4252,6211,6686,8654,5909,5225,4870,5080,6580,5498,5846,5710,4188,5805,6002,8106,5478,5138,5313,4840,6288,5299,5330,4951,4106,5554,4995,7531,5901,4488,5665,5313,6000,5564,5101,4617,4080,4858,5454,7152,4764,4659,4991,4584,5181,5003,4556,4569,3683,4499,5294,5860,4679,4275,4700,4098,5583,4588,3921,4000,3684,3553,5021,5674,4688,3912,4588,4170,5049,4143,4033,3871,2988,4416,4583,5564,4053,3687,3870,3977,4696,3683,3969,3859,3212,4088,4150,5017,3863,3906,3974,3199,3859,3665,3709,3238,3272,3537,3802,4722,3167,3016,3331,2998,3092,3034,3106,2851,2698,2858,3107,3754
부산광역시,2770,2284,2419,2084,2805,2510,2015,1592,1389,2072,2731,3219,2524,2523,2195,2456,2722,2424,1826,1526,1343,1687,2422,3475,2572,2165,2518,1833,2506,2695,1808,1339,1087,1610,2313,3049,2435,2057,2024,1733,2501,2160,1450,1313,1059,1783,2284,2544,2054,1884,1703,1933,2352,1946,1330,1400,1158,1361,2067,2637,2210,1632,1792,1534,2182,1834,1430,1320,1101,1436,1976,2469,1935,1671,1532,1572,2054,1726,1443,1221,1020,1656,1883,2314,1834,1684,1647,1311,1730,1760,1394,1388,989,1388,1854,2919,1604,1432,1618,1329,1762,1658,1285,1502,1084,1362,1862,2475,1705,1414,1614,1388,1948,1787,1303,1568,1093,1298,2035,2864,2195,1894,1762,1509,1891,1776,1510,1727,1019,1544,2138,2519,1929,1648,1665,1532,1923,1732,1528,1443,1162,1580,1608,2399,1907,1440,1486,1416,1769,1574,1258,1512,1129,1324,1526,2273,1753,1619,1615,1626,1757,1759,1481,1613,1208,1453,1898,2413,1718,1491,1706,1481,1878,1826,1442,1626,1193,1550,1922,2391,1985,1588,1600,1757,1738,1678,1591,1496,1081,1615,1930,2303,1961,1579,1481,1481,1931,1708,1780,1697,1151,1669,1853,2443,1777,1523,1409,1431,1767,1603,1631,1331,1198,1700,1480,2077,1765,1368,1573,1404,1625,1704,1576,1426,1111,1322,1578,2101,1548,1334,1568,1416,1522,1401,1252,1508,1004,1276,1575,1709,1547,1387,1328,1163,1642,1311,1134,1248,1020,940,1417,1540,1471,1105,1245,1159,1416,1219,1145,1191,805,1253,1253,1519,1300,1051,1113,1164,1316,1103,1041,1067,861,1133,1181,1450,1125,1086,1128,868,1051,1044,1094,808,872,838,1038,1176,987,910,985,877,908,979,757,825,778,854,1027,1194
대구광역시,1940,1633,1732,1516,1957,1647,1269,997,831,1479,1911,2267,1670,1666,1568,1648,1820,1537,1155,946,841,1152,1664,2472,1809,1579,1698,1324,1817,1851,1210,916,739,1108,1638,2161,1577,1439,1491,1219,1802,1422,1011,884,620,1249,1599,1811,1482,1303,1176,1318,1666,1257,953,936,696,885,1357,1804,1432,1053,1233,1104,1503,1076,972,894,648,927,1316,1583,1276,1093,1191,1102,1431,1176,1026,893,677,1168,1280,1715,1279,1201,1118,932,1250,1265,930,935,673,951,1335,1923,1116,963,1180,928,1208,1140,893,973,728,967,1306,1750,1199,942,1178,1012,1300,1204,875,1069,756,922,1452,1983,1497,1322,1209,1041,1356,1162,983,1121,686,1177,1353,1748,1215,1118,1257,1008,1229,1116,1126,963,799,1050,1150,1712,1280,1037,1059,1001,1208,1084,930,996,754,867,1113,1515,1192,1044,1151,1015,1197,1159,925,1128,801,1004,1285,1578,1181,1009,1131,1046,1258,1226,984,1185,801,1051,1309,1632,1409,1140,1104,1160,1167,1072,976,1093,710,1091,1233,1487,1308,1062,936,939,1303,1123,1270,1016,763,1121,1221,1539,1188,1087,1001,961,1110,1005,980,940,701,1185,968,1426,1199,890,1151,939,1228,1118,980,935,738,948,1075,1344,1064,984,1055,959,1106,1077,899,1026,682,974,1083,1307,1140,987,916,777,1179,963,811,853,746,783,1066,1171,1041,798,924,862,1130,890,896,835,575,916,958,1142,981,774,778,806,965,737,818,751,616,779,836,1039,841,735,753,601,690,606,645,594,554,670,739,912,673,603,676,610,610,644,543,522,479,544,619,764
인천광역시,1704,1362,1536,1786,2235,1832,1446,1210,1046,1806,2179,2386,1626,1366,1740,1957,2120,1827,1211,1033,1034,1437,1932,2646,1501,1176,1621,1782,1910,1966,1336,984,883,1340,1937,2282,1520,1261,1520,1545,1924,1596,1121,1059,922,1519,1844,2026,1364,1119,1504,1524,1811,1536,1129,1099,981,1191,1775,2033,1560,1034,1424,1470,1688,1411,1231,1134,903,1356,1725,1915,1271,1130,1401,1398,1575,1268,1192,1076,846,1411,1471,1681,1211,1141,1413,1191,1356,1367,1099,1103,896,1264,1636,2223,1211,1018,1378,1399,1542,1414,1147,1313,1002,1363,1645,2083,1350,1116,1385,1218,1616,1481,1156,1411,988,1317,1781,2442,1672,1357,1443,1420,1626,1493,1295,1419,1046,1550,1809,2097,1514,1352,1598,1547,1680,1548,1475,1329,1175,1393,1490,2007,1492,1290,1401,1332,1462,1381,1225,1313,1155,1267,1494,1831,1363,1264,1508,1429,1508,1471,1316,1481,1174,1344,1602,1947,1448,1220,1510,1477,1526,1508,1252,1565,1153,1488,1794,2072,1540,1399,1557,1464,1540,1419,1440,1364,1103,1548,1674,2031,1586,1309,1355,1329,1666,1424,1577,1466,1095,1561,1623,2019,1522,1363,1425,1356,1607,1388,1498,1287,1065,1499,1319,1922,1545,1103,1438,1428,1578,1438,1377,1267,1174,1381,1507,1882,1324,1251,1438,1299,1432,1390,1236,1341,1066,1227,1482,1606,1349,1211,1363,1182,1454,1216,1131,1197,1058,1034,1473,1567,1435,1051,1312,1222,1388,1179,1117,1144,859,1273,1366,1504,1226,1010,1115,1106,1283,968,1095,1069,920,1209,1126,1274,1113,1086,1073,870,998,914,886,837,780,858,975,1184,964,791,917,917,900,987,1031,818,757,848,868,1083
광주광역시,1018,841,996,958,1118,911,701,564,542,752,1038,1215,944,929,978,976,998,835,665,505,557,673,922,1337,1006,781,1098,872,1061,999,703,469,420,685,915,1294,932,780,958,864,969,776,567,525,471,681,959,1075,777,793,879,804,980,710,539,529,421,524,786,1023,849,597,735,777,857,613,595,483,381,634,762,947,643,674,722,733,806,550,407,398,409,668,734,1016,706,657,788,621,743,704,496,546,378,562,725,1086,641,546,633,677,788,636,517,528,423,601,817,1020,670,635,703,634,820,741,543,609,445,590,885,1212,928,707,724,736,859,687,648,655,436,639,803,1036,751,658,763,680,843,716,633,593,467,673,692,1003,763,625,751,665,755,665,568,584,510,569,692,941,749,582,799,717,780,731,655,681,519,585,770,998,770,648,774,716,838,726,601,736,529,710,869,1029,810,721,751,741,684,697,604,672,489,658,766,1003,870,596,669,644,895,687,739,698,508,738,796,980,762,723,641,653,708,682,680,624,503,723,633,881,777,587,759,696,744,662,568,559,441,634,645,873,633,623,680,606,665,691,590,624,426,542,615,773,649,608,643,553,741,616,513,527,467,457,644,723,614,533,544,570,655,528,522,550,371,535,575,635,583,461,485,533,635,443,535,514,407,551,521,629,529,502,522,391,500,470,404,405,388,376,474,599,390,390,470,401,422,414,375,427,350,341,442,479
대전광역시,927,750,904,971,1054,911,688,576,496,881,1140,1247,810,830,927,1045,1044,933,611,469,589,783,1091,1433,862,712,918,878,1081,1024,697,537,469,761,1056,1316,868,757,925,813,1001,806,536,542,490,844,998,1084,756,711,878,889,995,821,606,567,511,623,978,1170,850,554,788,869,948,772,650,530,435,714,909,1112,764,603,800,799,908,704,613,572,484,787,853,1086,730,671,847,690,801,774,571,563,443,680,885,1202,686,580,823,730,891,766,628,555,495,745,955,1181,773,648,782,742,916,824,624,678,540,630,939,1406,887,785,754,754,951,791,732,717,501,736,1023,1053,860,695,786,785,919,809,681,626,575,799,810,1154,820,673,756,741,812,711,642,649,551,652,814,1064,734,687,743,777,799,782,697,695,629,781,890,1137,777,697,780,830,851,816,702,767,613,791,914,1188,891,757,869,873,808,755,706,715,522,809,904,1136,900,651,735,764,862,768,808,753,555,799,911,1115,800,739,739,769,842,715,673,615,580,866,746,1034,842,577,805,744,828,801,727,604,558,675,711,933,724,675,682,637,800,707,575,671,525,705,766,858,695,628,717,604,787,662,539,611,535,469,653,797,660,527,622,567,760,739,746,481,389,559,607,720,596,574,565,545,640,452,503,514,394,606,551,662,547,507,548,402,500,462,468,454,530,515,490,553,462,383,488,463,481,466,436,365,368,496,471,540
울산광역시,739,703,746,694,977,819,541,462,397,670,964,1145,711,741,708,803,910,719,494,379,408,537,861,1162,707,596,711,591,904,754,507,353,294,483,782,988,655,574,623,500,797,649,389,337,289,509,720,848,617,537,540,592,711,597,422,384,291,442,703,894,630,474,545,529,737,556,425,407,303,446,698,762,586,470,509,514,670,528,454,368,306,617,695,811,587,564,539,388,612,609,412,428,308,491,657,1052,538,470,577,468,693,597,469,473,376,499,738,1041,588,490,605,536,752,730,504,503,367,479,831,1108,766,645,604,529,683,642,532,525,387,579,794,877,801,614,671,548,797,667,593,540,363,623,664,956,769,527,592,559,669,620,536,523,413,473,672,914,616,590,590,579,721,673,570,603,455,552,725,986,669,499,660,543,717,714,546,594,460,600,811,955,789,604,649,694,670,592,616,568,393,617,821,874,720,597,576,578,762,625,641,643,455,644,805,952,749,547,598,529,757,652,575,552,475,716,632,892,752,476,675,536,703,706,540,585,465,529,682,834,601,559,652,558,644,634,536,542,407,535,654,684,602,531,569,483,657,559,414,481,405,395,597,638,632,409,459,462,584,479,489,422,297,500,514,647,542,434,451,464,520,394,408,419,320,443,466,581,489,454,474,363,407,369,327,322,330,325,360,517,341,308,375,370,353,348,285,299,275,311,382,430
세종특별자치시,0,0,0,0,0,0,0,0,0,0,0,0,0,0,0,0,0,0,0,0,0,0,0,0,0,0,0,0,0,0,0,0,0,0,0,0,-,-,-,-,-,-,-,-,-,-,-,-,-,-,-,-,-,-,-,-,-,-,-,-,-,-,-,-,-,-,-,-,-,-,-,-,-,-,-,-,-,-,-,-,-,-,-,-,-,-,-,-,-,-,-,-,-,-,-,-,-,-,-,-,-,-,-,-,-,-,-,-,-,-,-,-,-,-,-,-,-,-,-,-,-,-,-,-,-,-,-,-,-,-,-,-,-,-,-,-,-,-,-,-,-,-,-,-,-,-,-,-,-,-,-,-,-,-,-,-,-,-,-,-,-,-,-,-,-,-,-,-,-,-,-,-,-,-,-,-,-,-,-,-,58,46,55,44,58,51,37,58,39,49,55,84,64,53,60,55,66,68,60,60,41,65,63,88,58,58,66,65,74,62,75,65,58,112,82,145,136,95,112,122,137,99,122,111,90,123,132,219,161,111,116,140,161,137,107,128,111,130,124,186,136,134,137,103,180,153,117,134,119,100,210,205,190,133,187,140,222,161,134,159,115,185,177,235,172,165,159,173,208,160,142,144,125,196,165,230,155,160,142,148,160,142,153,125,146,146,175,202,223,110,104,126,126,142,153,127,105,109,147,155
경기도,6327,4972,6070,6830,8117,6784,5180,4316,3850,6703,8484,9333,5741,5380,6473,7141,7752,6644,4683,3757,4011,5473,7527,10021,6169,4564,6411,6402,7425,7252,5172,3826,3313,5285,7176,9086,5759,5036,6119,6043,7143,6147,4224,3912,3392,5856,7421,8108,5408,4665,5981,6228,7231,5735,4525,4277,3825,4889,7196,8556,5931,4289,5628,6045,7177,5454,4950,4586,3633,5321,7095,8221,5332,4962,5707,5919,6645,5504,5066,4388,3724,6029,6407,8572,5359,5101,6301,5207,6063,6231,4736,4776,3854,5552,6875,10181,5137,4469,5879,6044,6877,6297,4975,5490,4604,5555,7575,9529,5925,4954,6310,5626,7341,6781,5236,5945,4549,5657,8067,10840,7466,6417,6279,6297,7514,6590,5893,6246,4459,6574,8060,9453,6932,5672,6666,6374,7318,6421,6241,5739,4849,6141,6419,9232,6586,5370,6047,5795,6834,5929,5500,5629,5072,5587,6406,8648,6041,5791,6692,6580,6642,6710,5883,6601,5250,5983,7178,9120,6149,5527,6681,6218,7177,6639,5736,6663,5247,6174,7657,9269,6913,5947,6877,6566,6692,6266,5915,5960,4755,6801,7464,9293,6578,5803,5618,5924,7427,6398,6402,6183,4830,6538,6795,9153,6427,5985,6093,5857,6831,6096,6202,5367,4628,6559,5828,8433,6797,4987,6628,5942,6930,6481,5708,5333,4780,5682,6482,8200,5967,5556,6163,5645,6248,6012,5346,5761,4502,5560,6321,6971,5885,5309,5741,4965,6751,5566,4780,5105,4627,4413,6284,7003,6266,4903,6027,5327,6448,5174,5117,5031,3802,5838,5947,6997,5312,4591,5068,5204,5952,4728,5130,4836,4350,5207,5387,6591,5201,5069,5230,4385,4915,4612,4725,4099,4196,4473,4979,5930,4226,4176,4669,4454,4624,4645,4640,4291,4031,4450,4892,5560
강원도,878,667,915,1047,1221,996,798,635,615,991,1262,1254,790,849,1024,1138,1159,1035,773,576,619,958,1137,1412,911,666,984,952,1214,1090,856,604,554,814,1096,1323,817,710,882,870,1118,884,593,525,527,917,1051,1004,721,642,812,912,982,733,573,545,513,718,982,1029,817,528,762,742,920,758,572,511,445,693,741,889,635,565,725,741,841,656,630,485,499,780,840,1016,652,622,775,575,780,723,514,514,446,693,848,1093,665,513,722,726,826,781,600,599,552,657,815,1040,663,616,759,687,818,849,597,522,531,610,869,1210,911,640,679,740,888,700,659,618,470,710,879,1036,802,586,731,706,815,751,716,525,533,649,720,983,725,605,642,691,727,705,564,521,531,659,740,971,690,559,749,689,773,774,580,600,535,677,827,912,677,585,709,661,792,723,690,564,532,672,824,909,717,649,717,733,663,677,642,561,465,734,758,909,701,539,606,650,766,673,662,574,487,684,748,856,634,593,707,625,732,662,639,528,532,714,579,840,756,507,703,602,687,723,599,537,527,676,676,883,622,568,657,612,657,600,551,574,541,622,680,784,626,592,686,550,653,636,535,517,490,485,683,842,669,495,634,497,688,579,531,464,421,620,649,747,577,503,529,534,701,534,500,468,454,602,616,744,538,514,518,418,512,501,465,369,406,468,536,623,422,427,473,456,518,476,436,362,422,503,569,558
충청북도,1052,896,1005,1049,1215,925,746,572,580,1016,1298,1320,809,853,1125,1127,1130,915,650,546,581,803,1181,1452,870,681,1029,955,1130,1041,730,586,499,715,1117,1343,828,753,918,898,970,794,573,549,469,808,995,1031,796,727,877,929,1031,703,556,511,486,632,985,1092,835,555,737,816,889,659,596,520,445,686,904,1042,689,600,732,792,780,638,617,494,474,817,778,1012,678,654,840,608,742,733,603,515,461,648,880,1172,662,501,759,679,832,712,531,559,484,717,836,1118,740,632,768,707,873,824,658,635,523,628,981,1322,915,758,788,831,884,754,715,692,489,874,993,1141,860,667,871,779,873,798,731,626,566,736,850,1155,766,645,773,670,816,736,631,595,605,638,762,1029,715,643,774,822,849,814,640,668,579,705,884,1078,769,690,828,782,924,782,611,714,569,817,916,1140,823,785,782,791,740,721,681,683,564,728,889,1088,854,718,687,677,876,786,819,705,568,758,773,1086,740,733,736,730,854,699,689,590,568,763,709,963,858,617,779,708,797,778,688,598,575,702,787,985,703,596,806,652,781,690,566,701,539,690,769,841,685,657,692,636,866,671,559,602,498,488,751,885,764,602,690,632,685,620,589,614,415,694,687,835,644,579,603,614,669,544,531,529,459,640,666,761,586,603,627,453,577,533,491,477,489,489,602,755,493,432,510,474,497,535,485,432,397,493,513,621
충청남도,1221,989,1194,1357,1391,1083,856,791,739,1195,1500,1595,1091,1127,1413,1414,1317,1125,883,717,733,1001,1380,1845,1225,880,1228,1305,1328,1210,890,713,597,973,1325,1701,1055,893,1187,1190,1265,987,698,676,634,1045,1181,1286,886,850,1118,1049,1141,827,688,678,589,800,1166,1321,971,668,964,1034,1068,824,669,572,552,791,1048,1260,824,734,942,938,1013,808,738,623,618,906,1051,1356,859,863,1087,862,993,963,758,741,585,903,1161,1643,909,801,1084,1017,1144,1021,810,818,750,914,1273,1566,1077,867,1133,1072,1350,1084,880,918,761,878,1435,1918,1291,1071,1109,1176,1328,1093,950,961,700,1134,1369,1584,1241,927,1163,1181,1279,1098,1022,846,847,1056,1086,1608,1121,927,1090,1074,1166,1060,895,853,829,973,1149,1571,1119,909,1105,1147,1174,1130,1036,1016,821,972,1235,1521,1087,937,1130,1068,1307,1069,892,1023,816,1050,1283,1554,1157,993,1154,1137,1051,1014,956,922,749,1082,1251,1383,1113,867,878,1059,1281,1034,1033,967,698,1047,1061,1444,1052,1014,946,948,1032,960,975,889,760,1159,937,1368,1201,840,1115,1027,1125,1066,943,852,738,964,1042,1418,965,929,1089,970,1094,974,882,956,736,976,1006,1215,1010,863,1033,823,1089,895,712,827,751,716,1040,1202,1026,819,984,921,1087,872,838,828,613,893,966,1123,885,742,836,819,946,740,816,725,633,814,847,1023,825,830,761,599,712,720,665,605,592,632,691,861,649,605,692,671,680,666,633,629,554,632,762,843
전라북도,1417,1115,1377,1271,1409,1082,888,774,699,1177,1480,1668,1242,1230,1316,1334,1302,1051,796,587,643,842,1264,1699,1270,936,1290,1145,1351,1184,875,637,644,856,1322,1673,1131,975,1256,993,1196,847,650,602,502,865,1074,1271,1018,889,1007,942,1077,763,632,612,520,695,911,1215,1073,751,1014,947,1155,808,680,621,545,830,1054,1209,874,818,938,945,953,803,711,590,556,823,990,1245,878,847,1006,827,907,883,690,585,495,717,937,1339,854,705,1023,889,961,836,702,674,561,786,958,1247,887,762,951,837,982,863,770,688,639,685,947,1418,1085,914,960,868,1016,847,741,766,562,826,1061,1218,1072,787,897,852,992,871,782,707,586,788,862,1203,869,729,870,816,853,818,662,646,586,702,867,1187,895,814,890,922,980,889,754,793,603,781,1040,1164,909,776,866,864,935,845,702,786,654,834,997,1185,943,836,951,871,826,836,731,720,524,756,925,1103,946,758,665,777,938,805,816,732,545,807,887,1147,836,811,812,719,841,708,718,632,591,808,706,1029,857,600,837,765,803,814,680,625,561,722,754,1042,712,647,788,711,755,717,578,657,492,575,759,825,743,677,739,585,790,647,538,566,526,502,717,787,695,511,686,617,714,594,546,530,368,592,628,738,672,522,632,615,680,496,514,479,477,621,631,666,576,537,517,467,543,465,465,379,436,451,532,685,457,419,436,434,434,422,433,430,407,426,488,539
전라남도,1496,1234,1379,1323,1399,1118,1024,849,841,1103,1485,1544,1377,1318,1351,1355,1367,1110,912,779,770,895,1256,1801,1426,1044,1447,1237,1483,1290,973,728,598,862,1225,1711,1216,1104,1282,1164,1265,949,718,657,593,842,1046,1233,996,908,1006,1047,1073,829,676,677,637,719,1015,1189,978,777,996,976,1093,686,625,608,518,723,954,1105,870,774,855,939,909,787,746,674,539,800,855,1110,850,770,869,769,875,863,645,663,524,705,916,1226,905,663,911,878,991,803,717,696,553,726,943,1198,892,798,926,849,965,870,759,757,621,731,989,1350,1129,938,916,884,1000,875,746,781,546,882,985,1172,1098,839,960,838,957,818,794,732,603,823,851,1167,968,820,909,859,905,814,771,721,691,675,813,1105,930,768,926,919,891,968,787,798,624,723,930,1197,920,792,871,880,983,854,712,775,637,757,905,1180,954,837,929,850,773,824,682,679,563,762,887,1087,967,768,737,808,965,840,818,787,592,819,862,1032,933,835,816,783,831,776,723,668,597,764,660,971,916,630,804,779,796,837,697,671,591,745,819,990,765,709,710,750,778,765,624,661,517,663,773,839,772,718,755,607,775,670,590,601,512,508,698,843,709,558,717,629,720,629,627,565,405,652,632,744,745,611,654,624,673,539,608,509,474,629,621,726,647,659,613,500,528,545,492,432,411,479,505,554,799,510,575,499,503,473,455,483,382,404,522,596
경상북도,2005,1698,1961,1855,2119,1833,1337,1151,992,1696,2157,2443,1843,1850,1816,1884,1967,1725,1224,967,996,1345,1889,2668,1886,1510,1846,1524,2059,1867,1234,983,798,1186,1781,2377,1691,1548,1706,1396,1846,1441,956,894,797,1359,1591,1836,1508,1348,1319,1535,1720,1175,963,965,755,1119,1545,1932,1521,1133,1314,1251,1531,1196,980,865,686,1106,1369,1648,1210,1095,1212,1261,1491,1126,1025,832,697,1142,1417,1732,1215,1111,1298,947,1265,1231,916,934,731,1016,1412,1924,1219,1001,1309,1130,1376,1175,919,1029,820,1068,1589,2004,1311,1172,1387,1233,1578,1435,1097,1076,873,1058,1627,2331,1761,1366,1398,1237,1587,1350,1188,1169,818,1291,1665,1793,1552,1223,1346,1243,1446,1284,1264,1069,921,1125,1308,1853,1368,1113,1197,1190,1323,1172,1033,976,932,1074,1290,1831,1357,1109,1337,1293,1410,1350,1197,1134,952,1167,1439,1847,1354,1160,1307,1282,1478,1359,1091,1223,975,1229,1541,1943,1348,1311,1356,1390,1344,1241,1161,1113,798,1187,1447,1687,1458,1145,1224,1159,1479,1309,1309,1188,831,1263,1330,1726,1318,1211,1215,1094,1285,1106,1109,993,904,1333,1019,1596,1313,989,1357,1171,1235,1272,1051,991,818,1101,1347,1628,1113,1103,1216,1118,1220,1149,950,1074,821,1047,1178,1374,1138,980,1064,945,1216,1036,896,903,806,796,1111,1299,1234,860,1039,923,1147,953,885,788,606,984,1070,1198,1028,822,932,906,1020,767,816,741,680,872,897,1156,924,754,830,664,657,710,707,585,617,774,811,1013,687,633,715,723,676,644,619,549,579,590,798,950
경상남도,2487,2182,2114,1871,2402,2048,1513,1287,1094,1725,2376,2817,2272,2256,2067,2196,2473,2039,1408,1182,1085,1458,1929,3019,2309,1888,2306,1613,2341,2128,1491,1151,932,1297,1947,2777,2092,1882,1900,1500,2220,1701,1168,1070,906,1430,1845,2186,1925,1674,1559,1765,2027,1508,1165,1087,851,1150,1804,2334,1954,1392,1655,1351,1959,1456,1207,1034,889,1223,1698,2087,1652,1582,1473,1376,1771,1391,1242,1018,818,1432,1630,2173,1712,1580,1499,1181,1682,1689,1198,1250,901,1220,1795,2668,1603,1369,1584,1355,1812,1663,1245,1354,1035,1319,1829,2496,1789,1503,1616,1440,2000,1801,1380,1553,1155,1382,2200,2970,2277,1914,1760,1614,1938,1718,1501,1503,1053,1558,2161,2558,2022,1642,1777,1544,2006,1732,1565,1337,1191,1594,1642,2445,1934,1439,1542,1567,1806,1654,1347,1478,1222,1443,1761,2301,1873,1682,1733,1698,2013,1977,1535,1557,1232,1505,1957,2408,1874,1601,1715,1606,1941,1756,1376,1644,1228,1588,1925,2515,2036,1639,1644,1702,1703,1637,1530,1490,1022,1578,1838,2321,1921,1600,1485,1428,1988,1537,1639,1593,1114,1695,1792,2499,1788,1681,1485,1459,1768,1503,1509,1405,1105,1694,1475,2184,1848,1316,1692,1450,1739,1685,1374,1426,1078,1419,1587,2057,1599,1516,1561,1427,1564,1560,1232,1477,1057,1263,1548,1776,1536,1273,1410,1295,1681,1355,1116,1218,990,1004,1498,1602,1478,1156,1329,1157,1409,1161,1165,1161,745,1171,1389,1675,1253,1055,1079,1112,1279,1015,1035,1071,799,1182,1177,1556,1197,1115,1062,877,1016,912,891,808,815,985,972,1250,881,841,847,904,851,889,837,848,738,862,943,1090
제주특별자치도,419,428,464,426,379,415,270,220,191,307,402,426,345,471,515,399,413,335,249,178,251,312,373,418,406,425,482,447,450,409,300,205,203,292,365,442,396,441,416,375,410,322,243,218,152,319,373,357,376,361,427,340,395,264,203,212,177,251,326,376,371,314,360,339,347,273,225,209,208,258,319,351,327,325,311,322,306,285,240,186,173,256,306,342,288,326,339,245,293,273,239,201,153,260,321,387,297,260,334,270,329,296,227,232,209,233,309,386,301,274,331,265,315,322,261,231,220,255,364,437,393,346,297,261,340,268,225,248,149,272,335,361,315,295,324,309,322,273,285,239,200,265,261,357,283,289,293,300,310,278,231,218,209,230,306,332,317,293,278,319,334,330,280,249,197,240,328,350,341,303,354,274,304,341,223,274,202,261,320,385,327,321,392,327,298,262,248,228,189,244,325,321,344,295,303,308,369,259,318,219,205,348,295,375,326,332,326,272,335,302,285,253,242,326,261,333,368,244,359,303,311,362,278,267,235,287,322,340,292,300,362,363,387,318,255,281,215,246,325,361,316,315,314,261,389,318,260,243,240,278,342,378,347,261,350,276,381,284,290,260,194,301,342,352,309,263,244,334,319,234,270,226,208,272,295,384,282,276,296,245,283,222,206,220,216,205,226,304,233,203,216,217,240,230,213,194,190,202,223,300
국외,530,307,444,556,438,390,456,354,312,359,320,417,218,339,383,359,316,345,358,330,315,382,342,381,365,340,408,440,366,500,399,403,360,396,407,381,367,381,430,409,475,388,429,357,327,404,399,389,354,378,465,433,396,394,393,333,403,403,373,372,356,345,386,393,387,370,354,359,291,347,328,266,410,348,388,452,435,413,466,448,525,567,640,702,680,696,848,832,739,863,766,844,772,921,1005,1064,1023,941,1318,1150,1152,1152,1037,943,885,946,871,870,745,699,1088,756,767,942,717,1035,811,764,806,823,854,738,815,901,799,817,797,790,671,836,767,735,584,595,778,760,723,694,760,750,683,701,576,708,553,733,818,791,716,807,742,782,749,708,714,678,605,622,805,812,669,789,704,746,636,688,721,728,628,621,807,658,715,659,665,559,669,684,587,681,530,667,694,679,662,667,623,641,756,650,646,566,611,495,689,721,682,673,719,655,610,720,609,725,552,670,660,750,662,571,676,604,713,643,573,650,565,598,745,740,680,627,562,417,441,469,447,413,312,354,457,397,494,460,419,466,439,421,433,444,337,356,483,446,491,430,398,435,459,427,424,429,451,375,436,479,513,406,421,451,376,474,458,443,448,355,436,496,543,405,447,415,409,483,355,456,381,310,290,219,236,292,287,275,274,252,270,299,226,215,283,267,238,241,302,268,223,280,315,305
